key,value,file
concept,concept_type,ddf--concepts.csv
concept,name,ddf--concepts.csv
"country,year",air_1,ddf--datapoints--air_1--by--country--year.csv
"country,year",air_10,ddf--datapoints--air_10--by--country--year.csv
"country,year",air_11,ddf--datapoints--air_11--by--country--year.csv
"country,year",air_12,ddf--datapoints--air_12--by--country--year.csv
"country,year",air_13,ddf--datapoints--air_13--by--country--year.csv
"country,year",air_14,ddf--datapoints--air_14--by--country--year.csv
"country,year",air_15,ddf--datapoints--air_15--by--country--year.csv
"country,year",air_16,ddf--datapoints--air_16--by--country--year.csv
"country,year",air_17,ddf--datapoints--air_17--by--country--year.csv
"country,year",air_18,ddf--datapoints--air_18--by--country--year.csv
"country,year",air_2,ddf--datapoints--air_2--by--country--year.csv
"country,year",air_2_1,ddf--datapoints--air_2_1--by--country--year.csv
"country,year",air_3,ddf--datapoints--air_3--by--country--year.csv
"country,year",air_3_1,ddf--datapoints--air_3_1--by--country--year.csv
"country,year",air_4,ddf--datapoints--air_4--by--country--year.csv
"country,year",air_40,ddf--datapoints--air_40--by--country--year.csv
"country,year",air_5,ddf--datapoints--air_5--by--country--year.csv
"country,year",air_6,ddf--datapoints--air_6--by--country--year.csv
"country,year",air_7,ddf--datapoints--air_7--by--country--year.csv
"country,year",air_8,ddf--datapoints--air_8--by--country--year.csv
"country,year",air_9,ddf--datapoints--air_9--by--country--year.csv
"country,year",anc1,ddf--datapoints--anc1--by--country--year.csv
"country,year",anc15,ddf--datapoints--anc15--by--country--year.csv
"country,year",anc4,ddf--datapoints--anc4--by--country--year.csv
"country,year",anc45,ddf--datapoints--anc45--by--country--year.csv
"country,year",asfr1,ddf--datapoints--asfr1--by--country--year.csv
"country,year",bcgv,ddf--datapoints--bcgv--by--country--year.csv
"country,year",bp_03,ddf--datapoints--bp_03--by--country--year.csv
"country,year",bp_04,ddf--datapoints--bp_04--by--country--year.csv
"country,year",bp_05,ddf--datapoints--bp_05--by--country--year.csv
"country,year",bp_06,ddf--datapoints--bp_06--by--country--year.csv
"country,year",carep,ddf--datapoints--carep--by--country--year.csv
"country,year",casecs,ddf--datapoints--casecs--by--country--year.csv
"country,year",cci,ddf--datapoints--cci--by--country--year.csv
"country,year",cco_1,ddf--datapoints--cco_1--by--country--year.csv
"country,year",cco_2,ddf--datapoints--cco_2--by--country--year.csv
"country,year",cco_3,ddf--datapoints--cco_3--by--country--year.csv
"country,year",chol_01,ddf--datapoints--chol_01--by--country--year.csv
"country,year",chol_02,ddf--datapoints--chol_02--by--country--year.csv
"country,year",chol_03,ddf--datapoints--chol_03--by--country--year.csv
"country,year",chol_04,ddf--datapoints--chol_04--by--country--year.csv
"country,year",chol_05,ddf--datapoints--chol_05--by--country--year.csv
"country,year",chol_06,ddf--datapoints--chol_06--by--country--year.csv
"country,year",cholera_0000000001,ddf--datapoints--cholera_0000000001--by--country--year.csv
"country,year",cholera_0000000002,ddf--datapoints--cholera_0000000002--by--country--year.csv
"country,year",cholera_0000000003,ddf--datapoints--cholera_0000000003--by--country--year.csv
"country,year",cm_01,ddf--datapoints--cm_01--by--country--year.csv
"country,year",cm_02,ddf--datapoints--cm_02--by--country--year.csv
"country,year",cm_03,ddf--datapoints--cm_03--by--country--year.csv
"country,year",cpmo,ddf--datapoints--cpmo--by--country--year.csv
"country,year",cpmt,ddf--datapoints--cpmt--by--country--year.csv
"country,year",csection5,ddf--datapoints--csection5--by--country--year.csv
"country,year",dalys04y000,ddf--datapoints--dalys04y000--by--country--year.csv
"country,year",dalysper100000,ddf--datapoints--dalysper100000--by--country--year.csv
"country,year",dalystotal,ddf--datapoints--dalystotal--by--country--year.csv
"country,year",deaths04y,ddf--datapoints--deaths04y--by--country--year.csv
"country,year",deathsper100000,ddf--datapoints--deathsper100000--by--country--year.csv
"country,year",deathstotal,ddf--datapoints--deathstotal--by--country--year.csv
"country,year",devices00,ddf--datapoints--devices00--by--country--year.csv
"country,year",devices01,ddf--datapoints--devices01--by--country--year.csv
"country,year",devices02,ddf--datapoints--devices02--by--country--year.csv
"country,year",devices03,ddf--datapoints--devices03--by--country--year.csv
"country,year",devices04,ddf--datapoints--devices04--by--country--year.csv
"country,year",devices05,ddf--datapoints--devices05--by--country--year.csv
"country,year",devices06,ddf--datapoints--devices06--by--country--year.csv
"country,year",devices07,ddf--datapoints--devices07--by--country--year.csv
"country,year",devices08,ddf--datapoints--devices08--by--country--year.csv
"country,year",devices09,ddf--datapoints--devices09--by--country--year.csv
"country,year",devices10,ddf--datapoints--devices10--by--country--year.csv
"country,year",devices11,ddf--datapoints--devices11--by--country--year.csv
"country,year",devices13,ddf--datapoints--devices13--by--country--year.csv
"country,year",devices14,ddf--datapoints--devices14--by--country--year.csv
"country,year",devices15,ddf--datapoints--devices15--by--country--year.csv
"country,year",devices16,ddf--datapoints--devices16--by--country--year.csv
"country,year",devices17,ddf--datapoints--devices17--by--country--year.csv
"country,year",devices18,ddf--datapoints--devices18--by--country--year.csv
"country,year",devices19,ddf--datapoints--devices19--by--country--year.csv
"country,year",devices20,ddf--datapoints--devices20--by--country--year.csv
"country,year",devices23,ddf--datapoints--devices23--by--country--year.csv
"country,year",dptv,ddf--datapoints--dptv--by--country--year.csv
"country,year",e10_compliance,ddf--datapoints--e10_compliance--by--country--year.csv
"country,year",e10_promo_discounts,ddf--datapoints--e10_promo_discounts--by--country--year.csv
"country,year",e11_brand_stretching,ddf--datapoints--e11_brand_stretching--by--country--year.csv
"country,year",e11_compliance,ddf--datapoints--e11_compliance--by--country--year.csv
"country,year",e12_brand_sharing,ddf--datapoints--e12_brand_sharing--by--country--year.csv
"country,year",e12_compliance,ddf--datapoints--e12_compliance--by--country--year.csv
"country,year",e13_brand_placement,ddf--datapoints--e13_brand_placement--by--country--year.csv
"country,year",e13_compliance,ddf--datapoints--e13_compliance--by--country--year.csv
"country,year",e14_compliance,ddf--datapoints--e14_compliance--by--country--year.csv
"country,year",e14_prod_tv_films,ddf--datapoints--e14_prod_tv_films--by--country--year.csv
"country,year",e15_compliance,ddf--datapoints--e15_compliance--by--country--year.csv
"country,year",e15_sponsored_events,ddf--datapoints--e15_sponsored_events--by--country--year.csv
"country,year",e16_csr_promo_self,ddf--datapoints--e16_csr_promo_self--by--country--year.csv
"country,year",e17_csr_promo_others,ddf--datapoints--e17_csr_promo_others--by--country--year.csv
"country,year",e18_csr_anti_tobacco_media,ddf--datapoints--e18_csr_anti_tobacco_media--by--country--year.csv
"country,year",e19_movies_anti_tob_ads,ddf--datapoints--e19_movies_anti_tob_ads--by--country--year.csv
"country,year",e1_compliance,ddf--datapoints--e1_compliance--by--country--year.csv
"country,year",e1_nat_tv_radio,ddf--datapoints--e1_nat_tv_radio--by--country--year.csv
"country,year",e21_vending_machines,ddf--datapoints--e21_vending_machines--by--country--year.csv
"country,year",e22_subnational_exists,ddf--datapoints--e22_subnational_exists--by--country--year.csv
"country,year",e23_subnat_complete_bans_exist,ddf--datapoints--e23_subnat_complete_bans_exist--by--country--year.csv
"country,year",e24_internet_sales_ban,ddf--datapoints--e24_internet_sales_ban--by--country--year.csv
"country,year",e25_ban_display_pt_of_sale,ddf--datapoints--e25_ban_display_pt_of_sale--by--country--year.csv
"country,year",e26_direct_ad_fines,ddf--datapoints--e26_direct_ad_fines--by--country--year.csv
"country,year",e27_indirect_ad_fines,ddf--datapoints--e27_indirect_ad_fines--by--country--year.csv
"country,year",e2_intl_tv_radio,ddf--datapoints--e2_intl_tv_radio--by--country--year.csv
"country,year",e3_compliance,ddf--datapoints--e3_compliance--by--country--year.csv
"country,year",e3_nat_print,ddf--datapoints--e3_nat_print--by--country--year.csv
"country,year",e4_intl_print,ddf--datapoints--e4_intl_print--by--country--year.csv
"country,year",e5_billboards,ddf--datapoints--e5_billboards--by--country--year.csv
"country,year",e5_compliance,ddf--datapoints--e5_compliance--by--country--year.csv
"country,year",e6_compliance,ddf--datapoints--e6_compliance--by--country--year.csv
"country,year",e6_pt_of_sale,ddf--datapoints--e6_pt_of_sale--by--country--year.csv
"country,year",e7_internet,ddf--datapoints--e7_internet--by--country--year.csv
"country,year",e9_compliance,ddf--datapoints--e9_compliance--by--country--year.csv
"country,year",e9_free_distrib,ddf--datapoints--e9_free_distrib--by--country--year.csv
"country,year",e_group,ddf--datapoints--e_group--by--country--year.csv
"country,year",ebreast,ddf--datapoints--ebreast--by--country--year.csv
"country,year",ebreast5,ddf--datapoints--ebreast5--by--country--year.csv
"country,year",ec_direct_compliance,ddf--datapoints--ec_direct_compliance--by--country--year.csv
"country,year",ec_indirect_compliance,ddf--datapoints--ec_indirect_compliance--by--country--year.csv
"country,year",emfstandard,ddf--datapoints--emfstandard--by--country--year.csv
"country,year",eq_anc,ddf--datapoints--eq_anc--by--country--year.csv
"country,year",eq_bmi30,ddf--datapoints--eq_bmi30--by--country--year.csv
"country,year",eq_dtp3,ddf--datapoints--eq_dtp3--by--country--year.csv
"country,year",eq_hivprev,ddf--datapoints--eq_hivprev--by--country--year.csv
"country,year",eq_housenets,ddf--datapoints--eq_housenets--by--country--year.csv
"country,year",eq_infantmort,ddf--datapoints--eq_infantmort--by--country--year.csv
"country,year",eq_knhiv,ddf--datapoints--eq_knhiv--by--country--year.csv
"country,year",eq_meaimm,ddf--datapoints--eq_meaimm--by--country--year.csv
"country,year",eq_overweight,ddf--datapoints--eq_overweight--by--country--year.csv
"country,year",eq_sba,ddf--datapoints--eq_sba--by--country--year.csv
"country,year",eq_sleptnets,ddf--datapoints--eq_sleptnets--by--country--year.csv
"country,year",eq_slum,ddf--datapoints--eq_slum--by--country--year.csv
"country,year",eq_solidfuels,ddf--datapoints--eq_solidfuels--by--country--year.csv
"country,year",eq_stunt,ddf--datapoints--eq_stunt--by--country--year.csv
"country,year",eq_tobacco,ddf--datapoints--eq_tobacco--by--country--year.csv
"country,year",eq_u5mort,ddf--datapoints--eq_u5mort--by--country--year.csv
"country,year",eq_underweight,ddf--datapoints--eq_underweight--by--country--year.csv
"country,year",eq_urbpop,ddf--datapoints--eq_urbpop--by--country--year.csv
"country,year",eq_urbslum,ddf--datapoints--eq_urbslum--by--country--year.csv
"country,year",eq_water,ddf--datapoints--eq_water--by--country--year.csv
"country,year",eq_waterimproved,ddf--datapoints--eq_waterimproved--by--country--year.csv
"country,year",eq_waterpiped,ddf--datapoints--eq_waterpiped--by--country--year.csv
"country,year",eq_waterpremises,ddf--datapoints--eq_waterpremises--by--country--year.csv
"country,year",fps,ddf--datapoints--fps--by--country--year.csv
"country,year",fullv,ddf--datapoints--fullv--by--country--year.csv
"country,year",gbd_dalyrtage,ddf--datapoints--gbd_dalyrtage--by--country--year.csv
"country,year",hiv_0000000002,ddf--datapoints--hiv_0000000002--by--country--year.csv
"country,year",hiv_0000000003,ddf--datapoints--hiv_0000000003--by--country--year.csv
"country,year",hiv_0000000004,ddf--datapoints--hiv_0000000004--by--country--year.csv
"country,year",hiv_0000000006,ddf--datapoints--hiv_0000000006--by--country--year.csv
"country,year",hiv_0000000007,ddf--datapoints--hiv_0000000007--by--country--year.csv
"country,year",hiv_0000000008,ddf--datapoints--hiv_0000000008--by--country--year.csv
"country,year",hiv_0000000009,ddf--datapoints--hiv_0000000009--by--country--year.csv
"country,year",hiv_0000000010,ddf--datapoints--hiv_0000000010--by--country--year.csv
"country,year",hiv_0000000011,ddf--datapoints--hiv_0000000011--by--country--year.csv
"country,year",hiv_0000000012,ddf--datapoints--hiv_0000000012--by--country--year.csv
"country,year",hiv_0000000015,ddf--datapoints--hiv_0000000015--by--country--year.csv
"country,year",hiv_0000000016,ddf--datapoints--hiv_0000000016--by--country--year.csv
"country,year",hiv_0000000017,ddf--datapoints--hiv_0000000017--by--country--year.csv
"country,year",hiv_0000000018,ddf--datapoints--hiv_0000000018--by--country--year.csv
"country,year",hiv_0000000019,ddf--datapoints--hiv_0000000019--by--country--year.csv
"country,year",hiv_0000000020,ddf--datapoints--hiv_0000000020--by--country--year.csv
"country,year",hiv_0000000021,ddf--datapoints--hiv_0000000021--by--country--year.csv
"country,year",hiv_0000000022,ddf--datapoints--hiv_0000000022--by--country--year.csv
"country,year",hiv_0000000023,ddf--datapoints--hiv_0000000023--by--country--year.csv
"country,year",hiv_0000000024,ddf--datapoints--hiv_0000000024--by--country--year.csv
"country,year",hiv_0000000025,ddf--datapoints--hiv_0000000025--by--country--year.csv
"country,year",hiv_0000000026,ddf--datapoints--hiv_0000000026--by--country--year.csv
"country,year",hiv_artcoverage,ddf--datapoints--hiv_artcoverage--by--country--year.csv
"country,year",hrh_01,ddf--datapoints--hrh_01--by--country--year.csv
"country,year",hrh_02,ddf--datapoints--hrh_02--by--country--year.csv
"country,year",hrh_03,ddf--datapoints--hrh_03--by--country--year.csv
"country,year",hrh_04,ddf--datapoints--hrh_04--by--country--year.csv
"country,year",hrh_05,ddf--datapoints--hrh_05--by--country--year.csv
"country,year",hrh_06,ddf--datapoints--hrh_06--by--country--year.csv
"country,year",hrh_07,ddf--datapoints--hrh_07--by--country--year.csv
"country,year",hrh_08,ddf--datapoints--hrh_08--by--country--year.csv
"country,year",hrh_09,ddf--datapoints--hrh_09--by--country--year.csv
"country,year",hrh_10,ddf--datapoints--hrh_10--by--country--year.csv
"country,year",hrh_11,ddf--datapoints--hrh_11--by--country--year.csv
"country,year",hrh_12,ddf--datapoints--hrh_12--by--country--year.csv
"country,year",hrh_13,ddf--datapoints--hrh_13--by--country--year.csv
"country,year",hrh_14,ddf--datapoints--hrh_14--by--country--year.csv
"country,year",hrh_15,ddf--datapoints--hrh_15--by--country--year.csv
"country,year",hrh_16,ddf--datapoints--hrh_16--by--country--year.csv
"country,year",hrh_17,ddf--datapoints--hrh_17--by--country--year.csv
"country,year",hrh_18,ddf--datapoints--hrh_18--by--country--year.csv
"country,year",hrh_19,ddf--datapoints--hrh_19--by--country--year.csv
"country,year",hrh_21,ddf--datapoints--hrh_21--by--country--year.csv
"country,year",hrh_22,ddf--datapoints--hrh_22--by--country--year.csv
"country,year",hrh_23,ddf--datapoints--hrh_23--by--country--year.csv
"country,year",hrh_24,ddf--datapoints--hrh_24--by--country--year.csv
"country,year",hrh_25,ddf--datapoints--hrh_25--by--country--year.csv
"country,year",hrh_26,ddf--datapoints--hrh_26--by--country--year.csv
"country,year",hrh_28,ddf--datapoints--hrh_28--by--country--year.csv
"country,year",hrh_29,ddf--datapoints--hrh_29--by--country--year.csv
"country,year",hrh_30,ddf--datapoints--hrh_30--by--country--year.csv
"country,year",hrh_31,ddf--datapoints--hrh_31--by--country--year.csv
"country,year",hrh_32,ddf--datapoints--hrh_32--by--country--year.csv
"country,year",hrh_33,ddf--datapoints--hrh_33--by--country--year.csv
"country,year",hrh_40,ddf--datapoints--hrh_40--by--country--year.csv
"country,year",hwws_1,ddf--datapoints--hwws_1--by--country--year.csv
"country,year",hwws_2,ddf--datapoints--hwws_2--by--country--year.csv
"country,year",ihr01,ddf--datapoints--ihr01--by--country--year.csv
"country,year",ihr02,ddf--datapoints--ihr02--by--country--year.csv
"country,year",ihr03,ddf--datapoints--ihr03--by--country--year.csv
"country,year",ihr04,ddf--datapoints--ihr04--by--country--year.csv
"country,year",ihr05,ddf--datapoints--ihr05--by--country--year.csv
"country,year",ihr06,ddf--datapoints--ihr06--by--country--year.csv
"country,year",ihr07,ddf--datapoints--ihr07--by--country--year.csv
"country,year",ihr08,ddf--datapoints--ihr08--by--country--year.csv
"country,year",ihr09,ddf--datapoints--ihr09--by--country--year.csv
"country,year",ihr10,ddf--datapoints--ihr10--by--country--year.csv
"country,year",ihr11,ddf--datapoints--ihr11--by--country--year.csv
"country,year",ihr12,ddf--datapoints--ihr12--by--country--year.csv
"country,year",ihr13,ddf--datapoints--ihr13--by--country--year.csv
"country,year",imr,ddf--datapoints--imr--by--country--year.csv
"country,year",ir_carbamate_extent,ddf--datapoints--ir_carbamate_extent--by--country--year.csv
"country,year",ir_carbamate_presence,ddf--datapoints--ir_carbamate_presence--by--country--year.csv
"country,year",ir_insecticideresistance_prev,ddf--datapoints--ir_insecticideresistance_prev--by--country--year.csv
"country,year",ir_organochlorine_extent,ddf--datapoints--ir_organochlorine_extent--by--country--year.csv
"country,year",ir_organochlorine_presence,ddf--datapoints--ir_organochlorine_presence--by--country--year.csv
"country,year",ir_organophosphate_extent,ddf--datapoints--ir_organophosphate_extent--by--country--year.csv
"country,year",ir_organophosphate_presence,ddf--datapoints--ir_organophosphate_presence--by--country--year.csv
"country,year",ir_pyrethroid_extent,ddf--datapoints--ir_pyrethroid_extent--by--country--year.csv
"country,year",ir_pyrethroid_presence,ddf--datapoints--ir_pyrethroid_presence--by--country--year.csv
"country,year",itnch,ddf--datapoints--itnch--by--country--year.csv
"country,year",itnwm,ddf--datapoints--itnwm--by--country--year.csv
"country,year",itu_ict_1,ddf--datapoints--itu_ict_1--by--country--year.csv
"country,year",itu_ict_2,ddf--datapoints--itu_ict_2--by--country--year.csv
"country,year",itu_idi,ddf--datapoints--itu_idi--by--country--year.csv
"country,year",itu_idi_rank,ddf--datapoints--itu_idi_rank--by--country--year.csv
"country,year",life_0000000029,ddf--datapoints--life_0000000029--by--country--year.csv
"country,year",life_0000000030,ddf--datapoints--life_0000000030--by--country--year.csv
"country,year",life_0000000031,ddf--datapoints--life_0000000031--by--country--year.csv
"country,year",life_0000000032,ddf--datapoints--life_0000000032--by--country--year.csv
"country,year",life_0000000033,ddf--datapoints--life_0000000033--by--country--year.csv
"country,year",life_0000000034,ddf--datapoints--life_0000000034--by--country--year.csv
"country,year",life_0000000035,ddf--datapoints--life_0000000035--by--country--year.csv
"country,year",m_est_cig_curr,ddf--datapoints--m_est_cig_curr--by--country--year.csv
"country,year",m_est_cig_daily,ddf--datapoints--m_est_cig_daily--by--country--year.csv
"country,year",m_est_tob_curr,ddf--datapoints--m_est_tob_curr--by--country--year.csv
"country,year",m_est_tob_daily,ddf--datapoints--m_est_tob_daily--by--country--year.csv
"country,year",m_group,ddf--datapoints--m_group--by--country--year.csv
"country,year",malaria001,ddf--datapoints--malaria001--by--country--year.csv
"country,year",malaria002,ddf--datapoints--malaria002--by--country--year.csv
"country,year",malaria003,ddf--datapoints--malaria003--by--country--year.csv
"country,year",malaria004,ddf--datapoints--malaria004--by--country--year.csv
"country,year",malaria005,ddf--datapoints--malaria005--by--country--year.csv
"country,year",malaria_15029,ddf--datapoints--malaria_15029--by--country--year.csv
"country,year",malaria_15030,ddf--datapoints--malaria_15030--by--country--year.csv
"country,year",malaria_15031,ddf--datapoints--malaria_15031--by--country--year.csv
"country,year",malaria_15040,ddf--datapoints--malaria_15040--by--country--year.csv
"country,year",malaria_15049,ddf--datapoints--malaria_15049--by--country--year.csv
"country,year",malaria_15059,ddf--datapoints--malaria_15059--by--country--year.csv
"country,year",malaria_15136,ddf--datapoints--malaria_15136--by--country--year.csv
"country,year",malaria_15137,ddf--datapoints--malaria_15137--by--country--year.csv
"country,year",malaria_15150,ddf--datapoints--malaria_15150--by--country--year.csv
"country,year",malaria_15283,ddf--datapoints--malaria_15283--by--country--year.csv
"country,year",malaria_15284,ddf--datapoints--malaria_15284--by--country--year.csv
"country,year",malaria_15287,ddf--datapoints--malaria_15287--by--country--year.csv
"country,year",malaria_15288,ddf--datapoints--malaria_15288--by--country--year.csv
"country,year",malaria_15309,ddf--datapoints--malaria_15309--by--country--year.csv
"country,year",malaria_15310,ddf--datapoints--malaria_15310--by--country--year.csv
"country,year",malaria_20126,ddf--datapoints--malaria_20126--by--country--year.csv
"country,year",malaria_30515,ddf--datapoints--malaria_30515--by--country--year.csv
"country,year",malaria_30516,ddf--datapoints--malaria_30516--by--country--year.csv
"country,year",malaria_30517,ddf--datapoints--malaria_30517--by--country--year.csv
"country,year",malaria_30518,ddf--datapoints--malaria_30518--by--country--year.csv
"country,year",malaria_30519,ddf--datapoints--malaria_30519--by--country--year.csv
"country,year",malaria_30521,ddf--datapoints--malaria_30521--by--country--year.csv
"country,year",malaria_30522,ddf--datapoints--malaria_30522--by--country--year.csv
"country,year",malaria_30526,ddf--datapoints--malaria_30526--by--country--year.csv
"country,year",malaria_30539,ddf--datapoints--malaria_30539--by--country--year.csv
"country,year",malaria_30541,ddf--datapoints--malaria_30541--by--country--year.csv
"country,year",malaria_30542,ddf--datapoints--malaria_30542--by--country--year.csv
"country,year",malaria_30545,ddf--datapoints--malaria_30545--by--country--year.csv
"country,year",malaria_30556,ddf--datapoints--malaria_30556--by--country--year.csv
"country,year",malaria_30557,ddf--datapoints--malaria_30557--by--country--year.csv
"country,year",malaria_30558,ddf--datapoints--malaria_30558--by--country--year.csv
"country,year",mdg_0000000001,ddf--datapoints--mdg_0000000001--by--country--year.csv
"country,year",mdg_0000000003,ddf--datapoints--mdg_0000000003--by--country--year.csv
"country,year",mdg_0000000005,ddf--datapoints--mdg_0000000005--by--country--year.csv
"country,year",mdg_0000000005_age1519,ddf--datapoints--mdg_0000000005_age1519--by--country--year.csv
"country,year",mdg_0000000006,ddf--datapoints--mdg_0000000006--by--country--year.csv
"country,year",mdg_0000000006_age1519,ddf--datapoints--mdg_0000000006_age1519--by--country--year.csv
"country,year",mdg_0000000007,ddf--datapoints--mdg_0000000007--by--country--year.csv
"country,year",mdg_0000000010,ddf--datapoints--mdg_0000000010--by--country--year.csv
"country,year",mdg_0000000011,ddf--datapoints--mdg_0000000011--by--country--year.csv
"country,year",mdg_0000000013,ddf--datapoints--mdg_0000000013--by--country--year.csv
"country,year",mdg_0000000014,ddf--datapoints--mdg_0000000014--by--country--year.csv
"country,year",mdg_0000000015,ddf--datapoints--mdg_0000000015--by--country--year.csv
"country,year",mdg_0000000016,ddf--datapoints--mdg_0000000016--by--country--year.csv
"country,year",mdg_0000000017,ddf--datapoints--mdg_0000000017--by--country--year.csv
"country,year",mdg_0000000020,ddf--datapoints--mdg_0000000020--by--country--year.csv
"country,year",mdg_0000000021,ddf--datapoints--mdg_0000000021--by--country--year.csv
"country,year",mdg_0000000023,ddf--datapoints--mdg_0000000023--by--country--year.csv
"country,year",mdg_0000000025,ddf--datapoints--mdg_0000000025--by--country--year.csv
"country,year",mdg_0000000025_age1519,ddf--datapoints--mdg_0000000025_age1519--by--country--year.csv
"country,year",mdg_0000000026,ddf--datapoints--mdg_0000000026--by--country--year.csv
"country,year",mdg_0000000027,ddf--datapoints--mdg_0000000027--by--country--year.csv
"country,year",mdg_0000000029,ddf--datapoints--mdg_0000000029--by--country--year.csv
"country,year",mdg_0000000030,ddf--datapoints--mdg_0000000030--by--country--year.csv
"country,year",mdg_0000000031,ddf--datapoints--mdg_0000000031--by--country--year.csv
"country,year",mdg_0000000032,ddf--datapoints--mdg_0000000032--by--country--year.csv
"country,year",mdg_0000000033,ddf--datapoints--mdg_0000000033--by--country--year.csv
"country,year",mdg_0000000034,ddf--datapoints--mdg_0000000034--by--country--year.csv
"country,year",meds201110200,ddf--datapoints--meds201110200--by--country--year.csv
"country,year",meds201120200c,ddf--datapoints--meds201120200c--by--country--year.csv
"country,year",meds2011400c,ddf--datapoints--meds2011400c--by--country--year.csv
"country,year",meds2011600c,ddf--datapoints--meds2011600c--by--country--year.csv
"country,year",meds201170200c,ddf--datapoints--meds201170200c--by--country--year.csv
"country,year",meds2012100s,ddf--datapoints--meds2012100s--by--country--year.csv
"country,year",meds2020200c,ddf--datapoints--meds2020200c--by--country--year.csv
"country,year",meds3010400,ddf--datapoints--meds3010400--by--country--year.csv
"country,year",meds3010700,ddf--datapoints--meds3010700--by--country--year.csv
"country,year",meds3011000,ddf--datapoints--meds3011000--by--country--year.csv
"country,year",meds3011302,ddf--datapoints--meds3011302--by--country--year.csv
"country,year",meds4020300,ddf--datapoints--meds4020300--by--country--year.csv
"country,year",meds5010200,ddf--datapoints--meds5010200--by--country--year.csv
"country,year",meds5010700,ddf--datapoints--meds5010700--by--country--year.csv
"country,year",meds5020100,ddf--datapoints--meds5020100--by--country--year.csv
"country,year",meds5020600,ddf--datapoints--meds5020600--by--country--year.csv
"country,year",meds5021700s,ddf--datapoints--meds5021700s--by--country--year.csv
"country,year",meds5021800s,ddf--datapoints--meds5021800s--by--country--year.csv
"country,year",meds5030200,ddf--datapoints--meds5030200--by--country--year.csv
"country,year",meds5050200,ddf--datapoints--meds5050200--by--country--year.csv
"country,year",meds5050900,ddf--datapoints--meds5050900--by--country--year.csv
"country,year",meds5060200,ddf--datapoints--meds5060200--by--country--year.csv
"country,year",meds5070100,ddf--datapoints--meds5070100--by--country--year.csv
"country,year",meds5070300,ddf--datapoints--meds5070300--by--country--year.csv
"country,year",meds5080100,ddf--datapoints--meds5080100--by--country--year.csv
"country,year",meds5090300,ddf--datapoints--meds5090300--by--country--year.csv
"country,year",meds5100400,ddf--datapoints--meds5100400--by--country--year.csv
"country,year",meds5100800,ddf--datapoints--meds5100800--by--country--year.csv
"country,year",meds6010102,ddf--datapoints--meds6010102--by--country--year.csv
"country,year",meds6010103,ddf--datapoints--meds6010103--by--country--year.csv
"country,year",meds6010201,ddf--datapoints--meds6010201--by--country--year.csv
"country,year",meds6010300,ddf--datapoints--meds6010300--by--country--year.csv
"country,year",meds6030100,ddf--datapoints--meds6030100--by--country--year.csv
"country,year",meds6060100,ddf--datapoints--meds6060100--by--country--year.csv
"country,year",meds6060200,ddf--datapoints--meds6060200--by--country--year.csv
"country,year",meds6060300,ddf--datapoints--meds6060300--by--country--year.csv
"country,year",meds7010400,ddf--datapoints--meds7010400--by--country--year.csv
"country,year",meds7020900s,ddf--datapoints--meds7020900s--by--country--year.csv
"country,year",meds8010100,ddf--datapoints--meds8010100--by--country--year.csv
"country,year",meds8010200,ddf--datapoints--meds8010200--by--country--year.csv
"country,year",meds8010500,ddf--datapoints--meds8010500--by--country--year.csv
"country,year",meds8010800,ddf--datapoints--meds8010800--by--country--year.csv
"country,year",meds8011200,ddf--datapoints--meds8011200--by--country--year.csv
"country,year",meds8021201,ddf--datapoints--meds8021201--by--country--year.csv
"country,year",meds8021202,ddf--datapoints--meds8021202--by--country--year.csv
"country,year",meds8030400,ddf--datapoints--meds8030400--by--country--year.csv
"country,year",meds8030500,ddf--datapoints--meds8030500--by--country--year.csv
"country,year",mening_1,ddf--datapoints--mening_1--by--country--year.csv
"country,year",mening_2,ddf--datapoints--mening_2--by--country--year.csv
"country,year",mening_3,ddf--datapoints--mening_3--by--country--year.csv
"country,year",mh_1,ddf--datapoints--mh_1--by--country--year.csv
"country,year",mh_10,ddf--datapoints--mh_10--by--country--year.csv
"country,year",mh_11,ddf--datapoints--mh_11--by--country--year.csv
"country,year",mh_12,ddf--datapoints--mh_12--by--country--year.csv
"country,year",mh_13,ddf--datapoints--mh_13--by--country--year.csv
"country,year",mh_14,ddf--datapoints--mh_14--by--country--year.csv
"country,year",mh_15,ddf--datapoints--mh_15--by--country--year.csv
"country,year",mh_16,ddf--datapoints--mh_16--by--country--year.csv
"country,year",mh_17,ddf--datapoints--mh_17--by--country--year.csv
"country,year",mh_18,ddf--datapoints--mh_18--by--country--year.csv
"country,year",mh_2,ddf--datapoints--mh_2--by--country--year.csv
"country,year",mh_3,ddf--datapoints--mh_3--by--country--year.csv
"country,year",mh_4,ddf--datapoints--mh_4--by--country--year.csv
"country,year",mh_5,ddf--datapoints--mh_5--by--country--year.csv
"country,year",mh_6,ddf--datapoints--mh_6--by--country--year.csv
"country,year",mh_7,ddf--datapoints--mh_7--by--country--year.csv
"country,year",mh_8,ddf--datapoints--mh_8--by--country--year.csv
"country,year",mh_9,ddf--datapoints--mh_9--by--country--year.csv
"country,year",mort_100,ddf--datapoints--mort_100--by--country--year.csv
"country,year",mort_300,ddf--datapoints--mort_300--by--country--year.csv
"country,year",mort_maternalnum,ddf--datapoints--mort_maternalnum--by--country--year.csv
"country,year",mslv,ddf--datapoints--mslv--by--country--year.csv
"country,year",ncd_bmi_25a,ddf--datapoints--ncd_bmi_25a--by--country--year.csv
"country,year",ncd_bmi_25c,ddf--datapoints--ncd_bmi_25c--by--country--year.csv
"country,year",ncd_bmi_30a,ddf--datapoints--ncd_bmi_30a--by--country--year.csv
"country,year",ncd_bmi_30c,ddf--datapoints--ncd_bmi_30c--by--country--year.csv
"country,year",ncd_bmi_mean,ddf--datapoints--ncd_bmi_mean--by--country--year.csv
"country,year",ncd_bmi_meanc,ddf--datapoints--ncd_bmi_meanc--by--country--year.csv
"country,year",ncd_ccs_ace,ddf--datapoints--ncd_ccs_ace--by--country--year.csv
"country,year",ncd_ccs_alcplan,ddf--datapoints--ncd_ccs_alcplan--by--country--year.csv
"country,year",ncd_ccs_aspirin,ddf--datapoints--ncd_ccs_aspirin--by--country--year.csv
"country,year",ncd_ccs_bowelcancer,ddf--datapoints--ncd_ccs_bowelcancer--by--country--year.csv
"country,year",ncd_ccs_breastcancer,ddf--datapoints--ncd_ccs_breastcancer--by--country--year.csv
"country,year",ncd_ccs_bronchodilators,ddf--datapoints--ncd_ccs_bronchodilators--by--country--year.csv
"country,year",ncd_ccs_cancerplan,ddf--datapoints--ncd_ccs_cancerplan--by--country--year.csv
"country,year",ncd_ccs_cancerregnational,ddf--datapoints--ncd_ccs_cancerregnational--by--country--year.csv
"country,year",ncd_ccs_ccblkrs,ddf--datapoints--ncd_ccs_ccblkrs--by--country--year.csv
"country,year",ncd_ccs_cervcy,ddf--datapoints--ncd_ccs_cervcy--by--country--year.csv
"country,year",ncd_ccs_cholmsmt,ddf--datapoints--ncd_ccs_cholmsmt--by--country--year.csv
"country,year",ncd_ccs_crdplan,ddf--datapoints--ncd_ccs_crdplan--by--country--year.csv
"country,year",ncd_ccs_cvdplan,ddf--datapoints--ncd_ccs_cvdplan--by--country--year.csv
"country,year",ncd_ccs_diabetestest,ddf--datapoints--ncd_ccs_diabetestest--by--country--year.csv
"country,year",ncd_ccs_diabplan,ddf--datapoints--ncd_ccs_diabplan--by--country--year.csv
"country,year",ncd_ccs_dietplan,ddf--datapoints--ncd_ccs_dietplan--by--country--year.csv
"country,year",ncd_ccs_insulin,ddf--datapoints--ncd_ccs_insulin--by--country--year.csv
"country,year",ncd_ccs_metformin,ddf--datapoints--ncd_ccs_metformin--by--country--year.csv
"country,year",ncd_ccs_ncdguide,ddf--datapoints--ncd_ccs_ncdguide--by--country--year.csv
"country,year",ncd_ccs_ncdunit_operational,ddf--datapoints--ncd_ccs_ncdunit_operational--by--country--year.csv
"country,year",ncd_ccs_nicotine,ddf--datapoints--ncd_ccs_nicotine--by--country--year.csv
"country,year",ncd_ccs_oralmorph,ddf--datapoints--ncd_ccs_oralmorph--by--country--year.csv
"country,year",ncd_ccs_paplan,ddf--datapoints--ncd_ccs_paplan--by--country--year.csv
"country,year",ncd_ccs_spirom,ddf--datapoints--ncd_ccs_spirom--by--country--year.csv
"country,year",ncd_ccs_statins,ddf--datapoints--ncd_ccs_statins--by--country--year.csv
"country,year",ncd_ccs_steroid,ddf--datapoints--ncd_ccs_steroid--by--country--year.csv
"country,year",ncd_ccs_survmonrep9ncd,ddf--datapoints--ncd_ccs_survmonrep9ncd--by--country--year.csv
"country,year",ncd_ccs_thiazide,ddf--datapoints--ncd_ccs_thiazide--by--country--year.csv
"country,year",ncd_ccs_tobplan,ddf--datapoints--ncd_ccs_tobplan--by--country--year.csv
"country,year",ncd_ccs_urinealbumin,ddf--datapoints--ncd_ccs_urinealbumin--by--country--year.csv
"country,year",ncd_dth_tot,ddf--datapoints--ncd_dth_tot--by--country--year.csv
"country,year",ncd_gluc_01,ddf--datapoints--ncd_gluc_01--by--country--year.csv
"country,year",ncd_gluc_02,ddf--datapoints--ncd_gluc_02--by--country--year.csv
"country,year",ncd_gluc_03,ddf--datapoints--ncd_gluc_03--by--country--year.csv
"country,year",ncd_gluc_04,ddf--datapoints--ncd_gluc_04--by--country--year.csv
"country,year",ncd_paa,ddf--datapoints--ncd_paa--by--country--year.csv
"country,year",ncd_pac,ddf--datapoints--ncd_pac--by--country--year.csv
"country,year",ncd_pac_ado,ddf--datapoints--ncd_pac_ado--by--country--year.csv
"country,year",ncd_under70,ddf--datapoints--ncd_under70--by--country--year.csv
"country,year",ncdmort3070,ddf--datapoints--ncdmort3070--by--country--year.csv
"country,year",nhabasis,ddf--datapoints--nhabasis--by--country--year.csv
"country,year",nmr,ddf--datapoints--nmr--by--country--year.csv
"country,year",ntcp_agcy,ddf--datapoints--ntcp_agcy--by--country--year.csv
"country,year",ntcp_budget_year,ddf--datapoints--ntcp_budget_year--by--country--year.csv
"country,year",ntcp_curr,ddf--datapoints--ntcp_curr--by--country--year.csv
"country,year",ntcp_fte,ddf--datapoints--ntcp_fte--by--country--year.csv
"country,year",ntcp_govt_exp,ddf--datapoints--ntcp_govt_exp--by--country--year.csv
"country,year",ntcp_govt_obj,ddf--datapoints--ntcp_govt_obj--by--country--year.csv
"country,year",ntd_1,ddf--datapoints--ntd_1--by--country--year.csv
"country,year",ntd_2,ddf--datapoints--ntd_2--by--country--year.csv
"country,year",ntd_3,ddf--datapoints--ntd_3--by--country--year.csv
"country,year",ntd_4,ddf--datapoints--ntd_4--by--country--year.csv
"country,year",ntd_5,ddf--datapoints--ntd_5--by--country--year.csv
"country,year",ntd_6,ddf--datapoints--ntd_6--by--country--year.csv
"country,year",ntd_7,ddf--datapoints--ntd_7--by--country--year.csv
"country,year",ntd_8,ddf--datapoints--ntd_8--by--country--year.csv
"country,year",ntd_bejelstatus,ddf--datapoints--ntd_bejelstatus--by--country--year.csv
"country,year",ntd_leishcend,ddf--datapoints--ntd_leishcend--by--country--year.csv
"country,year",ntd_leishcnum,ddf--datapoints--ntd_leishcnum--by--country--year.csv
"country,year",ntd_leishcnum_im,ddf--datapoints--ntd_leishcnum_im--by--country--year.csv
"country,year",ntd_leishvend,ddf--datapoints--ntd_leishvend--by--country--year.csv
"country,year",ntd_leishvnum,ddf--datapoints--ntd_leishvnum--by--country--year.csv
"country,year",ntd_leishvnum_im,ddf--datapoints--ntd_leishvnum_im--by--country--year.csv
"country,year",ntd_onchemo,ddf--datapoints--ntd_onchemo--by--country--year.csv
"country,year",ntd_onchstatus,ddf--datapoints--ntd_onchstatus--by--country--year.csv
"country,year",ntd_onctreat,ddf--datapoints--ntd_onctreat--by--country--year.csv
"country,year",ntd_pintastatus,ddf--datapoints--ntd_pintastatus--by--country--year.csv
"country,year",ntd_yawsend,ddf--datapoints--ntd_yawsend--by--country--year.csv
"country,year",ntd_yawsnum,ddf--datapoints--ntd_yawsnum--by--country--year.csv
"country,year",nutrition_564,ddf--datapoints--nutrition_564--by--country--year.csv
"country,year",nutrition_570,ddf--datapoints--nutrition_570--by--country--year.csv
"country,year",nutrition_579,ddf--datapoints--nutrition_579--by--country--year.csv
"country,year",o_avail_community,ddf--datapoints--o_avail_community--by--country--year.csv
"country,year",o_avail_hlth_clin,ddf--datapoints--o_avail_hlth_clin--by--country--year.csv
"country,year",o_avail_hosp,ddf--datapoints--o_avail_hosp--by--country--year.csv
"country,year",o_avail_off_hlth_prof,ddf--datapoints--o_avail_off_hlth_prof--by--country--year.csv
"country,year",o_avail_other,ddf--datapoints--o_avail_other--by--country--year.csv
"country,year",o_bup_ins,ddf--datapoints--o_bup_ins--by--country--year.csv
"country,year",o_bup_sold,ddf--datapoints--o_bup_sold--by--country--year.csv
"country,year",o_bup_where,ddf--datapoints--o_bup_where--by--country--year.csv
"country,year",o_group,ddf--datapoints--o_group--by--country--year.csv
"country,year",o_ins_community,ddf--datapoints--o_ins_community--by--country--year.csv
"country,year",o_ins_hlth_clin,ddf--datapoints--o_ins_hlth_clin--by--country--year.csv
"country,year",o_ins_hosp,ddf--datapoints--o_ins_hosp--by--country--year.csv
"country,year",o_ins_off_hlth_prof,ddf--datapoints--o_ins_off_hlth_prof--by--country--year.csv
"country,year",o_ins_other,ddf--datapoints--o_ins_other--by--country--year.csv
"country,year",o_nrt_eml,ddf--datapoints--o_nrt_eml--by--country--year.csv
"country,year",o_nrt_ins,ddf--datapoints--o_nrt_ins--by--country--year.csv
"country,year",o_nrt_sold,ddf--datapoints--o_nrt_sold--by--country--year.csv
"country,year",o_nrt_where,ddf--datapoints--o_nrt_where--by--country--year.csv
"country,year",o_quitline,ddf--datapoints--o_quitline--by--country--year.csv
"country,year",o_varen_ins,ddf--datapoints--o_varen_ins--by--country--year.csv
"country,year",o_varen_sold,ddf--datapoints--o_varen_sold--by--country--year.csv
"country,year",o_varen_where,ddf--datapoints--o_varen_where--by--country--year.csv
"country,year",obesewm,ddf--datapoints--obesewm--by--country--year.csv
"country,year",oda_1,ddf--datapoints--oda_1--by--country--year.csv
"country,year",oda_2,ddf--datapoints--oda_2--by--country--year.csv
"country,year",oda_3,ddf--datapoints--oda_3--by--country--year.csv
"country,year",oda_4,ddf--datapoints--oda_4--by--country--year.csv
"country,year",ors,ddf--datapoints--ors--by--country--year.csv
"country,year",ort,ddf--datapoints--ort--by--country--year.csv
"country,year",overwgt3,ddf--datapoints--overwgt3--by--country--year.csv
"country,year",overwgt5,ddf--datapoints--overwgt5--by--country--year.csv
"country,year",p10_subnat_auth_exists,ddf--datapoints--p10_subnat_auth_exists--by--country--year.csv
"country,year",p11_fines_any,ddf--datapoints--p11_fines_any--by--country--year.csv
"country,year",p12_fines_establishment,ddf--datapoints--p12_fines_establishment--by--country--year.csv
"country,year",p13_fines_smoker,ddf--datapoints--p13_fines_smoker--by--country--year.csv
"country,year",p14_funds_for_enforce,ddf--datapoints--p14_funds_for_enforce--by--country--year.csv
"country,year",p15_complaints,ddf--datapoints--p15_complaints--by--country--year.csv
"country,year",p16_subnat_complete_bans_exist,ddf--datapoints--p16_subnat_complete_bans_exist--by--country--year.csv
"country,year",p1_compliance,ddf--datapoints--p1_compliance--by--country--year.csv
"country,year",p1_healthcare,ddf--datapoints--p1_healthcare--by--country--year.csv
"country,year",p2_compliance,ddf--datapoints--p2_compliance--by--country--year.csv
"country,year",p2_education,ddf--datapoints--p2_education--by--country--year.csv
"country,year",p3_compliance,ddf--datapoints--p3_compliance--by--country--year.csv
"country,year",p3_universities,ddf--datapoints--p3_universities--by--country--year.csv
"country,year",p4_compliance,ddf--datapoints--p4_compliance--by--country--year.csv
"country,year",p4_govt,ddf--datapoints--p4_govt--by--country--year.csv
"country,year",p5_compliance,ddf--datapoints--p5_compliance--by--country--year.csv
"country,year",p5_indoor_off,ddf--datapoints--p5_indoor_off--by--country--year.csv
"country,year",p6_compliance,ddf--datapoints--p6_compliance--by--country--year.csv
"country,year",p6_restaurants,ddf--datapoints--p6_restaurants--by--country--year.csv
"country,year",p7_compliance,ddf--datapoints--p7_compliance--by--country--year.csv
"country,year",p7_pubs,ddf--datapoints--p7_pubs--by--country--year.csv
"country,year",p8_compliance,ddf--datapoints--p8_compliance--by--country--year.csv
"country,year",p8_pub_transp,ddf--datapoints--p8_pub_transp--by--country--year.csv
"country,year",p9_all_other,ddf--datapoints--p9_all_other--by--country--year.csv
"country,year",p_count_places_sf,ddf--datapoints--p_count_places_sf--by--country--year.csv
"country,year",p_group,ddf--datapoints--p_group--by--country--year.csv
"country,year",pc_sfe_compliance,ddf--datapoints--pc_sfe_compliance--by--country--year.csv
"country,year",pncall,ddf--datapoints--pncall--by--country--year.csv
"country,year",pncall3,ddf--datapoints--pncall3--by--country--year.csv
"country,year",pncall5,ddf--datapoints--pncall5--by--country--year.csv
"country,year",pnchome,ddf--datapoints--pnchome--by--country--year.csv
"country,year",pnchome3,ddf--datapoints--pnchome3--by--country--year.csv
"country,year",pnchome5,ddf--datapoints--pnchome5--by--country--year.csv
"country,year",poliov,ddf--datapoints--poliov--by--country--year.csv
"country,year",prevanemia,ddf--datapoints--prevanemia--by--country--year.csv
"country,year",r_ad_val_average,ddf--datapoints--r_ad_val_average--by--country--year.csv
"country,year",r_ad_val_estimate,ddf--datapoints--r_ad_val_estimate--by--country--year.csv
"country,year",r_curr_average,ddf--datapoints--r_curr_average--by--country--year.csv
"country,year",r_curr_lowest_cost,ddf--datapoints--r_curr_lowest_cost--by--country--year.csv
"country,year",r_curr_mp,ddf--datapoints--r_curr_mp--by--country--year.csv
"country,year",r_curr_premium_cost,ddf--datapoints--r_curr_premium_cost--by--country--year.csv
"country,year",r_excise_incr,ddf--datapoints--r_excise_incr--by--country--year.csv
"country,year",r_group,ddf--datapoints--r_group--by--country--year.csv
"country,year",r_imp_duty_average,ddf--datapoints--r_imp_duty_average--by--country--year.csv
"country,year",r_imp_duty_estimate,ddf--datapoints--r_imp_duty_estimate--by--country--year.csv
"country,year",r_other_average,ddf--datapoints--r_other_average--by--country--year.csv
"country,year",r_other_estimate,ddf--datapoints--r_other_estimate--by--country--year.csv
"country,year",r_price_average_curr,ddf--datapoints--r_price_average_curr--by--country--year.csv
"country,year",r_price_average_ppp,ddf--datapoints--r_price_average_ppp--by--country--year.csv
"country,year",r_price_average_usd,ddf--datapoints--r_price_average_usd--by--country--year.csv
"country,year",r_price_lowest_estimate,ddf--datapoints--r_price_lowest_estimate--by--country--year.csv
"country,year",r_price_lowest_ppp,ddf--datapoints--r_price_lowest_ppp--by--country--year.csv
"country,year",r_price_lowest_usd,ddf--datapoints--r_price_lowest_usd--by--country--year.csv
"country,year",r_price_mp_estimate,ddf--datapoints--r_price_mp_estimate--by--country--year.csv
"country,year",r_price_mp_ppp,ddf--datapoints--r_price_mp_ppp--by--country--year.csv
"country,year",r_price_mp_usd,ddf--datapoints--r_price_mp_usd--by--country--year.csv
"country,year",r_price_premium_estimate,ddf--datapoints--r_price_premium_estimate--by--country--year.csv
"country,year",r_price_premium_ppp,ddf--datapoints--r_price_premium_ppp--by--country--year.csv
"country,year",r_price_premium_usd,ddf--datapoints--r_price_premium_usd--by--country--year.csv
"country,year",r_sp_excise_average,ddf--datapoints--r_sp_excise_average--by--country--year.csv
"country,year",r_sp_excise_estimate,ddf--datapoints--r_sp_excise_estimate--by--country--year.csv
"country,year",r_total_tax_average,ddf--datapoints--r_total_tax_average--by--country--year.csv
"country,year",r_total_tax_estimate,ddf--datapoints--r_total_tax_estimate--by--country--year.csv
"country,year",r_vat_average,ddf--datapoints--r_vat_average--by--country--year.csv
"country,year",r_vat_estimate,ddf--datapoints--r_vat_estimate--by--country--year.csv
"country,year",ratecs,ddf--datapoints--ratecs--by--country--year.csv
"country,year",rs_1845,ddf--datapoints--rs_1845--by--country--year.csv
"country,year",rs_193,ddf--datapoints--rs_193--by--country--year.csv
"country,year",rs_194,ddf--datapoints--rs_194--by--country--year.csv
"country,year",rs_196,ddf--datapoints--rs_196--by--country--year.csv
"country,year",rs_198,ddf--datapoints--rs_198--by--country--year.csv
"country,year",rs_204,ddf--datapoints--rs_204--by--country--year.csv
"country,year",rs_205,ddf--datapoints--rs_205--by--country--year.csv
"country,year",rs_207,ddf--datapoints--rs_207--by--country--year.csv
"country,year",rs_208,ddf--datapoints--rs_208--by--country--year.csv
"country,year",rs_209,ddf--datapoints--rs_209--by--country--year.csv
"country,year",rs_210,ddf--datapoints--rs_210--by--country--year.csv
"country,year",rs_212,ddf--datapoints--rs_212--by--country--year.csv
"country,year",rs_213,ddf--datapoints--rs_213--by--country--year.csv
"country,year",rs_214,ddf--datapoints--rs_214--by--country--year.csv
"country,year",rs_215,ddf--datapoints--rs_215--by--country--year.csv
"country,year",rs_217,ddf--datapoints--rs_217--by--country--year.csv
"country,year",rs_218,ddf--datapoints--rs_218--by--country--year.csv
"country,year",rs_219,ddf--datapoints--rs_219--by--country--year.csv
"country,year",rs_221,ddf--datapoints--rs_221--by--country--year.csv
"country,year",rs_222,ddf--datapoints--rs_222--by--country--year.csv
"country,year",rs_223,ddf--datapoints--rs_223--by--country--year.csv
"country,year",rs_223_bis,ddf--datapoints--rs_223_bis--by--country--year.csv
"country,year",rs_224,ddf--datapoints--rs_224--by--country--year.csv
"country,year",rs_225,ddf--datapoints--rs_225--by--country--year.csv
"country,year",rs_228,ddf--datapoints--rs_228--by--country--year.csv
"country,year",rs_229,ddf--datapoints--rs_229--by--country--year.csv
"country,year",rs_231,ddf--datapoints--rs_231--by--country--year.csv
"country,year",rs_232,ddf--datapoints--rs_232--by--country--year.csv
"country,year",rs_233,ddf--datapoints--rs_233--by--country--year.csv
"country,year",rs_234,ddf--datapoints--rs_234--by--country--year.csv
"country,year",rs_237,ddf--datapoints--rs_237--by--country--year.csv
"country,year",rs_238,ddf--datapoints--rs_238--by--country--year.csv
"country,year",rs_239,ddf--datapoints--rs_239--by--country--year.csv
"country,year",rs_240,ddf--datapoints--rs_240--by--country--year.csv
"country,year",rs_241,ddf--datapoints--rs_241--by--country--year.csv
"country,year",rs_242,ddf--datapoints--rs_242--by--country--year.csv
"country,year",rs_246,ddf--datapoints--rs_246--by--country--year.csv
"country,year",rs_576,ddf--datapoints--rs_576--by--country--year.csv
"country,year",rsud_1,ddf--datapoints--rsud_1--by--country--year.csv
"country,year",rsud_10,ddf--datapoints--rsud_10--by--country--year.csv
"country,year",rsud_11,ddf--datapoints--rsud_11--by--country--year.csv
"country,year",rsud_12,ddf--datapoints--rsud_12--by--country--year.csv
"country,year",rsud_13,ddf--datapoints--rsud_13--by--country--year.csv
"country,year",rsud_14,ddf--datapoints--rsud_14--by--country--year.csv
"country,year",rsud_15,ddf--datapoints--rsud_15--by--country--year.csv
"country,year",rsud_16,ddf--datapoints--rsud_16--by--country--year.csv
"country,year",rsud_17,ddf--datapoints--rsud_17--by--country--year.csv
"country,year",rsud_18,ddf--datapoints--rsud_18--by--country--year.csv
"country,year",rsud_19,ddf--datapoints--rsud_19--by--country--year.csv
"country,year",rsud_2,ddf--datapoints--rsud_2--by--country--year.csv
"country,year",rsud_20,ddf--datapoints--rsud_20--by--country--year.csv
"country,year",rsud_21,ddf--datapoints--rsud_21--by--country--year.csv
"country,year",rsud_22,ddf--datapoints--rsud_22--by--country--year.csv
"country,year",rsud_23,ddf--datapoints--rsud_23--by--country--year.csv
"country,year",rsud_26,ddf--datapoints--rsud_26--by--country--year.csv
"country,year",rsud_27,ddf--datapoints--rsud_27--by--country--year.csv
"country,year",rsud_28,ddf--datapoints--rsud_28--by--country--year.csv
"country,year",rsud_29,ddf--datapoints--rsud_29--by--country--year.csv
"country,year",rsud_3,ddf--datapoints--rsud_3--by--country--year.csv
"country,year",rsud_30,ddf--datapoints--rsud_30--by--country--year.csv
"country,year",rsud_31,ddf--datapoints--rsud_31--by--country--year.csv
"country,year",rsud_32,ddf--datapoints--rsud_32--by--country--year.csv
"country,year",rsud_33,ddf--datapoints--rsud_33--by--country--year.csv
"country,year",rsud_34,ddf--datapoints--rsud_34--by--country--year.csv
"country,year",rsud_35,ddf--datapoints--rsud_35--by--country--year.csv
"country,year",rsud_36,ddf--datapoints--rsud_36--by--country--year.csv
"country,year",rsud_37,ddf--datapoints--rsud_37--by--country--year.csv
"country,year",rsud_38,ddf--datapoints--rsud_38--by--country--year.csv
"country,year",rsud_39,ddf--datapoints--rsud_39--by--country--year.csv
"country,year",rsud_40,ddf--datapoints--rsud_40--by--country--year.csv
"country,year",rsud_41,ddf--datapoints--rsud_41--by--country--year.csv
"country,year",rsud_42,ddf--datapoints--rsud_42--by--country--year.csv
"country,year",rsud_43,ddf--datapoints--rsud_43--by--country--year.csv
"country,year",rsud_44,ddf--datapoints--rsud_44--by--country--year.csv
"country,year",rsud_45,ddf--datapoints--rsud_45--by--country--year.csv
"country,year",rsud_46,ddf--datapoints--rsud_46--by--country--year.csv
"country,year",rsud_47,ddf--datapoints--rsud_47--by--country--year.csv
"country,year",rsud_48,ddf--datapoints--rsud_48--by--country--year.csv
"country,year",rsud_49,ddf--datapoints--rsud_49--by--country--year.csv
"country,year",rsud_5,ddf--datapoints--rsud_5--by--country--year.csv
"country,year",rsud_50,ddf--datapoints--rsud_50--by--country--year.csv
"country,year",rsud_51,ddf--datapoints--rsud_51--by--country--year.csv
"country,year",rsud_52,ddf--datapoints--rsud_52--by--country--year.csv
"country,year",rsud_53,ddf--datapoints--rsud_53--by--country--year.csv
"country,year",rsud_54,ddf--datapoints--rsud_54--by--country--year.csv
"country,year",rsud_55,ddf--datapoints--rsud_55--by--country--year.csv
"country,year",rsud_56,ddf--datapoints--rsud_56--by--country--year.csv
"country,year",rsud_57,ddf--datapoints--rsud_57--by--country--year.csv
"country,year",rsud_58,ddf--datapoints--rsud_58--by--country--year.csv
"country,year",rsud_59,ddf--datapoints--rsud_59--by--country--year.csv
"country,year",rsud_60,ddf--datapoints--rsud_60--by--country--year.csv
"country,year",rsud_61,ddf--datapoints--rsud_61--by--country--year.csv
"country,year",rsud_62,ddf--datapoints--rsud_62--by--country--year.csv
"country,year",rsud_63,ddf--datapoints--rsud_63--by--country--year.csv
"country,year",rsud_64,ddf--datapoints--rsud_64--by--country--year.csv
"country,year",rsud_65,ddf--datapoints--rsud_65--by--country--year.csv
"country,year",rsud_66,ddf--datapoints--rsud_66--by--country--year.csv
"country,year",rsud_67,ddf--datapoints--rsud_67--by--country--year.csv
"country,year",rsud_68,ddf--datapoints--rsud_68--by--country--year.csv
"country,year",rsud_69,ddf--datapoints--rsud_69--by--country--year.csv
"country,year",rsud_7,ddf--datapoints--rsud_7--by--country--year.csv
"country,year",rsud_70,ddf--datapoints--rsud_70--by--country--year.csv
"country,year",rsud_71,ddf--datapoints--rsud_71--by--country--year.csv
"country,year",rsud_72,ddf--datapoints--rsud_72--by--country--year.csv
"country,year",rsud_73,ddf--datapoints--rsud_73--by--country--year.csv
"country,year",rsud_74,ddf--datapoints--rsud_74--by--country--year.csv
"country,year",rsud_75,ddf--datapoints--rsud_75--by--country--year.csv
"country,year",rsud_76,ddf--datapoints--rsud_76--by--country--year.csv
"country,year",rsud_77,ddf--datapoints--rsud_77--by--country--year.csv
"country,year",rsud_78,ddf--datapoints--rsud_78--by--country--year.csv
"country,year",rsud_79,ddf--datapoints--rsud_79--by--country--year.csv
"country,year",rsud_8,ddf--datapoints--rsud_8--by--country--year.csv
"country,year",rsud_80,ddf--datapoints--rsud_80--by--country--year.csv
"country,year",rsud_81,ddf--datapoints--rsud_81--by--country--year.csv
"country,year",rsud_82,ddf--datapoints--rsud_82--by--country--year.csv
"country,year",rsud_83,ddf--datapoints--rsud_83--by--country--year.csv
"country,year",rsud_84,ddf--datapoints--rsud_84--by--country--year.csv
"country,year",rsud_85,ddf--datapoints--rsud_85--by--country--year.csv
"country,year",rsud_86,ddf--datapoints--rsud_86--by--country--year.csv
"country,year",rsud_87,ddf--datapoints--rsud_87--by--country--year.csv
"country,year",rsud_88,ddf--datapoints--rsud_88--by--country--year.csv
"country,year",rsud_89,ddf--datapoints--rsud_89--by--country--year.csv
"country,year",rsud_9,ddf--datapoints--rsud_9--by--country--year.csv
"country,year",sa_0000001398,ddf--datapoints--sa_0000001398--by--country--year.csv
"country,year",sa_0000001400,ddf--datapoints--sa_0000001400--by--country--year.csv
"country,year",sa_0000001401,ddf--datapoints--sa_0000001401--by--country--year.csv
"country,year",sa_0000001402,ddf--datapoints--sa_0000001402--by--country--year.csv
"country,year",sa_0000001403,ddf--datapoints--sa_0000001403--by--country--year.csv
"country,year",sa_0000001404,ddf--datapoints--sa_0000001404--by--country--year.csv
"country,year",sa_0000001405,ddf--datapoints--sa_0000001405--by--country--year.csv
"country,year",sa_0000001406,ddf--datapoints--sa_0000001406--by--country--year.csv
"country,year",sa_0000001409,ddf--datapoints--sa_0000001409--by--country--year.csv
"country,year",sa_0000001410,ddf--datapoints--sa_0000001410--by--country--year.csv
"country,year",sa_0000001411,ddf--datapoints--sa_0000001411--by--country--year.csv
"country,year",sa_0000001412,ddf--datapoints--sa_0000001412--by--country--year.csv
"country,year",sa_0000001413,ddf--datapoints--sa_0000001413--by--country--year.csv
"country,year",sa_0000001414,ddf--datapoints--sa_0000001414--by--country--year.csv
"country,year",sa_0000001415,ddf--datapoints--sa_0000001415--by--country--year.csv
"country,year",sa_0000001416,ddf--datapoints--sa_0000001416--by--country--year.csv
"country,year",sa_0000001417,ddf--datapoints--sa_0000001417--by--country--year.csv
"country,year",sa_0000001418,ddf--datapoints--sa_0000001418--by--country--year.csv
"country,year",sa_0000001419,ddf--datapoints--sa_0000001419--by--country--year.csv
"country,year",sa_0000001420,ddf--datapoints--sa_0000001420--by--country--year.csv
"country,year",sa_0000001421,ddf--datapoints--sa_0000001421--by--country--year.csv
"country,year",sa_0000001422,ddf--datapoints--sa_0000001422--by--country--year.csv
"country,year",sa_0000001423,ddf--datapoints--sa_0000001423--by--country--year.csv
"country,year",sa_0000001424,ddf--datapoints--sa_0000001424--by--country--year.csv
"country,year",sa_0000001425,ddf--datapoints--sa_0000001425--by--country--year.csv
"country,year",sa_0000001426,ddf--datapoints--sa_0000001426--by--country--year.csv
"country,year",sa_0000001427,ddf--datapoints--sa_0000001427--by--country--year.csv
"country,year",sa_0000001429,ddf--datapoints--sa_0000001429--by--country--year.csv
"country,year",sa_0000001430,ddf--datapoints--sa_0000001430--by--country--year.csv
"country,year",sa_0000001431,ddf--datapoints--sa_0000001431--by--country--year.csv
"country,year",sa_0000001432,ddf--datapoints--sa_0000001432--by--country--year.csv
"country,year",sa_0000001433,ddf--datapoints--sa_0000001433--by--country--year.csv
"country,year",sa_0000001434,ddf--datapoints--sa_0000001434--by--country--year.csv
"country,year",sa_0000001435,ddf--datapoints--sa_0000001435--by--country--year.csv
"country,year",sa_0000001436,ddf--datapoints--sa_0000001436--by--country--year.csv
"country,year",sa_0000001437,ddf--datapoints--sa_0000001437--by--country--year.csv
"country,year",sa_0000001438,ddf--datapoints--sa_0000001438--by--country--year.csv
"country,year",sa_0000001439,ddf--datapoints--sa_0000001439--by--country--year.csv
"country,year",sa_0000001440,ddf--datapoints--sa_0000001440--by--country--year.csv
"country,year",sa_0000001441,ddf--datapoints--sa_0000001441--by--country--year.csv
"country,year",sa_0000001442,ddf--datapoints--sa_0000001442--by--country--year.csv
"country,year",sa_0000001443,ddf--datapoints--sa_0000001443--by--country--year.csv
"country,year",sa_0000001444,ddf--datapoints--sa_0000001444--by--country--year.csv
"country,year",sa_0000001445,ddf--datapoints--sa_0000001445--by--country--year.csv
"country,year",sa_0000001446,ddf--datapoints--sa_0000001446--by--country--year.csv
"country,year",sa_0000001448,ddf--datapoints--sa_0000001448--by--country--year.csv
"country,year",sa_0000001449,ddf--datapoints--sa_0000001449--by--country--year.csv
"country,year",sa_0000001450,ddf--datapoints--sa_0000001450--by--country--year.csv
"country,year",sa_0000001451,ddf--datapoints--sa_0000001451--by--country--year.csv
"country,year",sa_0000001452,ddf--datapoints--sa_0000001452--by--country--year.csv
"country,year",sa_0000001453,ddf--datapoints--sa_0000001453--by--country--year.csv
"country,year",sa_0000001454,ddf--datapoints--sa_0000001454--by--country--year.csv
"country,year",sa_0000001455,ddf--datapoints--sa_0000001455--by--country--year.csv
"country,year",sa_0000001456,ddf--datapoints--sa_0000001456--by--country--year.csv
"country,year",sa_0000001457,ddf--datapoints--sa_0000001457--by--country--year.csv
"country,year",sa_0000001458,ddf--datapoints--sa_0000001458--by--country--year.csv
"country,year",sa_0000001459,ddf--datapoints--sa_0000001459--by--country--year.csv
"country,year",sa_0000001460,ddf--datapoints--sa_0000001460--by--country--year.csv
"country,year",sa_0000001461,ddf--datapoints--sa_0000001461--by--country--year.csv
"country,year",sa_0000001462,ddf--datapoints--sa_0000001462--by--country--year.csv
"country,year",sa_0000001463,ddf--datapoints--sa_0000001463--by--country--year.csv
"country,year",sa_0000001464,ddf--datapoints--sa_0000001464--by--country--year.csv
"country,year",sa_0000001465,ddf--datapoints--sa_0000001465--by--country--year.csv
"country,year",sa_0000001466,ddf--datapoints--sa_0000001466--by--country--year.csv
"country,year",sa_0000001467,ddf--datapoints--sa_0000001467--by--country--year.csv
"country,year",sa_0000001468,ddf--datapoints--sa_0000001468--by--country--year.csv
"country,year",sa_0000001469,ddf--datapoints--sa_0000001469--by--country--year.csv
"country,year",sa_0000001470,ddf--datapoints--sa_0000001470--by--country--year.csv
"country,year",sa_0000001471,ddf--datapoints--sa_0000001471--by--country--year.csv
"country,year",sa_0000001472,ddf--datapoints--sa_0000001472--by--country--year.csv
"country,year",sa_0000001473,ddf--datapoints--sa_0000001473--by--country--year.csv
"country,year",sa_0000001474,ddf--datapoints--sa_0000001474--by--country--year.csv
"country,year",sa_0000001475,ddf--datapoints--sa_0000001475--by--country--year.csv
"country,year",sa_0000001476,ddf--datapoints--sa_0000001476--by--country--year.csv
"country,year",sa_0000001477,ddf--datapoints--sa_0000001477--by--country--year.csv
"country,year",sa_0000001502,ddf--datapoints--sa_0000001502--by--country--year.csv
"country,year",sa_0000001503,ddf--datapoints--sa_0000001503--by--country--year.csv
"country,year",sa_0000001504,ddf--datapoints--sa_0000001504--by--country--year.csv
"country,year",sa_0000001506,ddf--datapoints--sa_0000001506--by--country--year.csv
"country,year",sa_0000001507,ddf--datapoints--sa_0000001507--by--country--year.csv
"country,year",sa_0000001508,ddf--datapoints--sa_0000001508--by--country--year.csv
"country,year",sa_0000001509,ddf--datapoints--sa_0000001509--by--country--year.csv
"country,year",sa_0000001510,ddf--datapoints--sa_0000001510--by--country--year.csv
"country,year",sa_0000001511,ddf--datapoints--sa_0000001511--by--country--year.csv
"country,year",sa_0000001512,ddf--datapoints--sa_0000001512--by--country--year.csv
"country,year",sa_0000001513,ddf--datapoints--sa_0000001513--by--country--year.csv
"country,year",sa_0000001514,ddf--datapoints--sa_0000001514--by--country--year.csv
"country,year",sa_0000001515,ddf--datapoints--sa_0000001515--by--country--year.csv
"country,year",sa_0000001516,ddf--datapoints--sa_0000001516--by--country--year.csv
"country,year",sa_0000001517,ddf--datapoints--sa_0000001517--by--country--year.csv
"country,year",sa_0000001518,ddf--datapoints--sa_0000001518--by--country--year.csv
"country,year",sa_0000001519,ddf--datapoints--sa_0000001519--by--country--year.csv
"country,year",sa_0000001520,ddf--datapoints--sa_0000001520--by--country--year.csv
"country,year",sa_0000001521,ddf--datapoints--sa_0000001521--by--country--year.csv
"country,year",sa_0000001523,ddf--datapoints--sa_0000001523--by--country--year.csv
"country,year",sa_0000001525,ddf--datapoints--sa_0000001525--by--country--year.csv
"country,year",sa_0000001526,ddf--datapoints--sa_0000001526--by--country--year.csv
"country,year",sa_0000001527,ddf--datapoints--sa_0000001527--by--country--year.csv
"country,year",sa_0000001528,ddf--datapoints--sa_0000001528--by--country--year.csv
"country,year",sa_0000001529,ddf--datapoints--sa_0000001529--by--country--year.csv
"country,year",sa_0000001530,ddf--datapoints--sa_0000001530--by--country--year.csv
"country,year",sa_0000001531,ddf--datapoints--sa_0000001531--by--country--year.csv
"country,year",sa_0000001532,ddf--datapoints--sa_0000001532--by--country--year.csv
"country,year",sa_0000001533,ddf--datapoints--sa_0000001533--by--country--year.csv
"country,year",sa_0000001534,ddf--datapoints--sa_0000001534--by--country--year.csv
"country,year",sa_0000001535,ddf--datapoints--sa_0000001535--by--country--year.csv
"country,year",sa_0000001536,ddf--datapoints--sa_0000001536--by--country--year.csv
"country,year",sa_0000001537,ddf--datapoints--sa_0000001537--by--country--year.csv
"country,year",sa_0000001538,ddf--datapoints--sa_0000001538--by--country--year.csv
"country,year",sa_0000001539,ddf--datapoints--sa_0000001539--by--country--year.csv
"country,year",sa_0000001540,ddf--datapoints--sa_0000001540--by--country--year.csv
"country,year",sa_0000001541,ddf--datapoints--sa_0000001541--by--country--year.csv
"country,year",sa_0000001542,ddf--datapoints--sa_0000001542--by--country--year.csv
"country,year",sa_0000001543,ddf--datapoints--sa_0000001543--by--country--year.csv
"country,year",sa_0000001544,ddf--datapoints--sa_0000001544--by--country--year.csv
"country,year",sa_0000001545,ddf--datapoints--sa_0000001545--by--country--year.csv
"country,year",sa_0000001546,ddf--datapoints--sa_0000001546--by--country--year.csv
"country,year",sa_0000001547,ddf--datapoints--sa_0000001547--by--country--year.csv
"country,year",sa_0000001548,ddf--datapoints--sa_0000001548--by--country--year.csv
"country,year",sa_0000001549,ddf--datapoints--sa_0000001549--by--country--year.csv
"country,year",sa_0000001550,ddf--datapoints--sa_0000001550--by--country--year.csv
"country,year",sa_0000001551,ddf--datapoints--sa_0000001551--by--country--year.csv
"country,year",sa_0000001553,ddf--datapoints--sa_0000001553--by--country--year.csv
"country,year",sa_0000001554,ddf--datapoints--sa_0000001554--by--country--year.csv
"country,year",sa_0000001555,ddf--datapoints--sa_0000001555--by--country--year.csv
"country,year",sa_0000001647,ddf--datapoints--sa_0000001647--by--country--year.csv
"country,year",sa_0000001648,ddf--datapoints--sa_0000001648--by--country--year.csv
"country,year",sa_0000001649,ddf--datapoints--sa_0000001649--by--country--year.csv
"country,year",sa_0000001650,ddf--datapoints--sa_0000001650--by--country--year.csv
"country,year",sa_0000001651,ddf--datapoints--sa_0000001651--by--country--year.csv
"country,year",sa_0000001652,ddf--datapoints--sa_0000001652--by--country--year.csv
"country,year",sa_0000001653,ddf--datapoints--sa_0000001653--by--country--year.csv
"country,year",sa_0000001654,ddf--datapoints--sa_0000001654--by--country--year.csv
"country,year",sa_0000001655,ddf--datapoints--sa_0000001655--by--country--year.csv
"country,year",sa_0000001676,ddf--datapoints--sa_0000001676--by--country--year.csv
"country,year",sa_0000001677,ddf--datapoints--sa_0000001677--by--country--year.csv
"country,year",sa_0000001678,ddf--datapoints--sa_0000001678--by--country--year.csv
"country,year",sa_0000001679,ddf--datapoints--sa_0000001679--by--country--year.csv
"country,year",sa_0000001680,ddf--datapoints--sa_0000001680--by--country--year.csv
"country,year",sa_0000001681,ddf--datapoints--sa_0000001681--by--country--year.csv
"country,year",sa_0000001682,ddf--datapoints--sa_0000001682--by--country--year.csv
"country,year",sa_0000001683,ddf--datapoints--sa_0000001683--by--country--year.csv
"country,year",sa_0000001684,ddf--datapoints--sa_0000001684--by--country--year.csv
"country,year",sa_0000001685,ddf--datapoints--sa_0000001685--by--country--year.csv
"country,year",sa_0000001686,ddf--datapoints--sa_0000001686--by--country--year.csv
"country,year",sa_0000001687,ddf--datapoints--sa_0000001687--by--country--year.csv
"country,year",sa_0000001688,ddf--datapoints--sa_0000001688--by--country--year.csv
"country,year",sa_0000001689,ddf--datapoints--sa_0000001689--by--country--year.csv
"country,year",sa_0000001690,ddf--datapoints--sa_0000001690--by--country--year.csv
"country,year",sa_0000001691,ddf--datapoints--sa_0000001691--by--country--year.csv
"country,year",sa_0000001692,ddf--datapoints--sa_0000001692--by--country--year.csv
"country,year",sa_0000001693,ddf--datapoints--sa_0000001693--by--country--year.csv
"country,year",sa_0000001694,ddf--datapoints--sa_0000001694--by--country--year.csv
"country,year",sa_0000001695,ddf--datapoints--sa_0000001695--by--country--year.csv
"country,year",sa_0000001696,ddf--datapoints--sa_0000001696--by--country--year.csv
"country,year",sa_0000001697,ddf--datapoints--sa_0000001697--by--country--year.csv
"country,year",sa_0000001698,ddf--datapoints--sa_0000001698--by--country--year.csv
"country,year",sa_0000001699,ddf--datapoints--sa_0000001699--by--country--year.csv
"country,year",sa_0000001700,ddf--datapoints--sa_0000001700--by--country--year.csv
"country,year",sa_0000001701,ddf--datapoints--sa_0000001701--by--country--year.csv
"country,year",sa_0000001702,ddf--datapoints--sa_0000001702--by--country--year.csv
"country,year",sa_0000001703,ddf--datapoints--sa_0000001703--by--country--year.csv
"country,year",sa_0000001704,ddf--datapoints--sa_0000001704--by--country--year.csv
"country,year",sa_0000001705,ddf--datapoints--sa_0000001705--by--country--year.csv
"country,year",sa_0000001706,ddf--datapoints--sa_0000001706--by--country--year.csv
"country,year",sa_0000001707,ddf--datapoints--sa_0000001707--by--country--year.csv
"country,year",sa_0000001708,ddf--datapoints--sa_0000001708--by--country--year.csv
"country,year",sa_0000001709,ddf--datapoints--sa_0000001709--by--country--year.csv
"country,year",sa_0000001710,ddf--datapoints--sa_0000001710--by--country--year.csv
"country,year",sa_0000001711,ddf--datapoints--sa_0000001711--by--country--year.csv
"country,year",sa_0000001712,ddf--datapoints--sa_0000001712--by--country--year.csv
"country,year",sa_0000001713,ddf--datapoints--sa_0000001713--by--country--year.csv
"country,year",sa_0000001714,ddf--datapoints--sa_0000001714--by--country--year.csv
"country,year",sa_0000001715,ddf--datapoints--sa_0000001715--by--country--year.csv
"country,year",sa_0000001716,ddf--datapoints--sa_0000001716--by--country--year.csv
"country,year",sa_0000001717,ddf--datapoints--sa_0000001717--by--country--year.csv
"country,year",sa_0000001719,ddf--datapoints--sa_0000001719--by--country--year.csv
"country,year",sa_0000001720,ddf--datapoints--sa_0000001720--by--country--year.csv
"country,year",sa_0000001721,ddf--datapoints--sa_0000001721--by--country--year.csv
"country,year",sa_0000001722,ddf--datapoints--sa_0000001722--by--country--year.csv
"country,year",sa_0000001723,ddf--datapoints--sa_0000001723--by--country--year.csv
"country,year",sa_0000001724,ddf--datapoints--sa_0000001724--by--country--year.csv
"country,year",sa_0000001725,ddf--datapoints--sa_0000001725--by--country--year.csv
"country,year",sa_0000001726,ddf--datapoints--sa_0000001726--by--country--year.csv
"country,year",sa_0000001727,ddf--datapoints--sa_0000001727--by--country--year.csv
"country,year",sa_0000001728,ddf--datapoints--sa_0000001728--by--country--year.csv
"country,year",sa_0000001729,ddf--datapoints--sa_0000001729--by--country--year.csv
"country,year",sa_0000001730,ddf--datapoints--sa_0000001730--by--country--year.csv
"country,year",sa_0000001731,ddf--datapoints--sa_0000001731--by--country--year.csv
"country,year",sa_0000001732,ddf--datapoints--sa_0000001732--by--country--year.csv
"country,year",sa_0000001733,ddf--datapoints--sa_0000001733--by--country--year.csv
"country,year",sa_0000001734,ddf--datapoints--sa_0000001734--by--country--year.csv
"country,year",sa_0000001735,ddf--datapoints--sa_0000001735--by--country--year.csv
"country,year",sa_0000001736,ddf--datapoints--sa_0000001736--by--country--year.csv
"country,year",sa_0000001739,ddf--datapoints--sa_0000001739--by--country--year.csv
"country,year",sa_0000001740,ddf--datapoints--sa_0000001740--by--country--year.csv
"country,year",sa_0000001741,ddf--datapoints--sa_0000001741--by--country--year.csv
"country,year",sa_0000001742,ddf--datapoints--sa_0000001742--by--country--year.csv
"country,year",sa_0000001743,ddf--datapoints--sa_0000001743--by--country--year.csv
"country,year",sa_0000001746,ddf--datapoints--sa_0000001746--by--country--year.csv
"country,year",sa_0000001747,ddf--datapoints--sa_0000001747--by--country--year.csv
"country,year",sa_0000001748,ddf--datapoints--sa_0000001748--by--country--year.csv
"country,year",sa_0000001749,ddf--datapoints--sa_0000001749--by--country--year.csv
"country,year",sa_0000001751,ddf--datapoints--sa_0000001751--by--country--year.csv
"country,year",sa_0000001752,ddf--datapoints--sa_0000001752--by--country--year.csv
"country,year",sa_0000001753,ddf--datapoints--sa_0000001753--by--country--year.csv
"country,year",sa_0000001754,ddf--datapoints--sa_0000001754--by--country--year.csv
"country,year",sa_0000001755,ddf--datapoints--sa_0000001755--by--country--year.csv
"country,year",sa_0000001756,ddf--datapoints--sa_0000001756--by--country--year.csv
"country,year",sa_0000001757,ddf--datapoints--sa_0000001757--by--country--year.csv
"country,year",sa_0000001758,ddf--datapoints--sa_0000001758--by--country--year.csv
"country,year",sa_0000001759,ddf--datapoints--sa_0000001759--by--country--year.csv
"country,year",sa_0000001760,ddf--datapoints--sa_0000001760--by--country--year.csv
"country,year",sa_0000001761,ddf--datapoints--sa_0000001761--by--country--year.csv
"country,year",sa_0000001762,ddf--datapoints--sa_0000001762--by--country--year.csv
"country,year",sa_0000001763,ddf--datapoints--sa_0000001763--by--country--year.csv
"country,year",sa_0000001764,ddf--datapoints--sa_0000001764--by--country--year.csv
"country,year",sa_0000001765,ddf--datapoints--sa_0000001765--by--country--year.csv
"country,year",sa_0000001766,ddf--datapoints--sa_0000001766--by--country--year.csv
"country,year",sa_0000001767,ddf--datapoints--sa_0000001767--by--country--year.csv
"country,year",sa_0000001768,ddf--datapoints--sa_0000001768--by--country--year.csv
"country,year",sa_0000001769,ddf--datapoints--sa_0000001769--by--country--year.csv
"country,year",sa_0000001770,ddf--datapoints--sa_0000001770--by--country--year.csv
"country,year",sa_0000001771,ddf--datapoints--sa_0000001771--by--country--year.csv
"country,year",sa_0000001772,ddf--datapoints--sa_0000001772--by--country--year.csv
"country,year",sa_0000001773,ddf--datapoints--sa_0000001773--by--country--year.csv
"country,year",sa_0000001774,ddf--datapoints--sa_0000001774--by--country--year.csv
"country,year",sa_0000001775,ddf--datapoints--sa_0000001775--by--country--year.csv
"country,year",sa_0000001776,ddf--datapoints--sa_0000001776--by--country--year.csv
"country,year",sa_0000001777,ddf--datapoints--sa_0000001777--by--country--year.csv
"country,year",sa_0000001788,ddf--datapoints--sa_0000001788--by--country--year.csv
"country,year",sba,ddf--datapoints--sba--by--country--year.csv
"country,year",sba5,ddf--datapoints--sba5--by--country--year.csv
"country,year",sdgairbod,ddf--datapoints--sdgairbod--by--country--year.csv
"country,year",sdgconflict,ddf--datapoints--sdgconflict--by--country--year.csv
"country,year",sdgdisaster,ddf--datapoints--sdgdisaster--by--country--year.csv
"country,year",sdgfp,ddf--datapoints--sdgfp--by--country--year.csv
"country,year",sdghiv,ddf--datapoints--sdghiv--by--country--year.csv
"country,year",sdgihr,ddf--datapoints--sdgihr--by--country--year.csv
"country,year",sdgmalaria,ddf--datapoints--sdgmalaria--by--country--year.csv
"country,year",sdgntdtreatment,ddf--datapoints--sdgntdtreatment--by--country--year.csv
"country,year",sdgpm25,ddf--datapoints--sdgpm25--by--country--year.csv
"country,year",sdgpoison,ddf--datapoints--sdgpoison--by--country--year.csv
"country,year",sdgpollutingfuels,ddf--datapoints--sdgpollutingfuels--by--country--year.csv
"country,year",sdgshp,ddf--datapoints--sdgshp--by--country--year.csv
"country,year",sdgsuicide,ddf--datapoints--sdgsuicide--by--country--year.csv
"country,year",sdgwshbod,ddf--datapoints--sdgwshbod--by--country--year.csv
"country,year",stunt3,ddf--datapoints--stunt3--by--country--year.csv
"country,year",stunt5,ddf--datapoints--stunt5--by--country--year.csv
"country,year",tb_1,ddf--datapoints--tb_1--by--country--year.csv
"country,year",tb_c_dst_rlt_new_pct,ddf--datapoints--tb_c_dst_rlt_new_pct--by--country--year.csv
"country,year",tb_c_dst_rlt_ret_pct,ddf--datapoints--tb_c_dst_rlt_ret_pct--by--country--year.csv
"country,year",tb_c_lab_cul_5m,ddf--datapoints--tb_c_lab_cul_5m--by--country--year.csv
"country,year",tb_c_lab_dst_5m,ddf--datapoints--tb_c_lab_dst_5m--by--country--year.csv
"country,year",tb_c_lab_sm_100k,ddf--datapoints--tb_c_lab_sm_100k--by--country--year.csv
"country,year",tb_c_mdr_tsr,ddf--datapoints--tb_c_mdr_tsr--by--country--year.csv
"country,year",tb_c_mdr_tx,ddf--datapoints--tb_c_mdr_tx--by--country--year.csv
"country,year",tb_c_new_snep_tsr,ddf--datapoints--tb_c_new_snep_tsr--by--country--year.csv
"country,year",tb_c_new_tsr,ddf--datapoints--tb_c_new_tsr--by--country--year.csv
"country,year",tb_c_newinc,ddf--datapoints--tb_c_newinc--by--country--year.csv
"country,year",tb_c_notified,ddf--datapoints--tb_c_notified--by--country--year.csv
"country,year",tb_c_ret_tsr,ddf--datapoints--tb_c_ret_tsr--by--country--year.csv
"country,year",tb_c_tbhiv_tsr,ddf--datapoints--tb_c_tbhiv_tsr--by--country--year.csv
"country,year",tb_c_xdr_tsr,ddf--datapoints--tb_c_xdr_tsr--by--country--year.csv
"country,year",tb_conf_mdr_tx_pct,ddf--datapoints--tb_conf_mdr_tx_pct--by--country--year.csv
"country,year",tb_e_inc_num,ddf--datapoints--tb_e_inc_num--by--country--year.csv
"country,year",tb_e_inc_tbhiv_100k,ddf--datapoints--tb_e_inc_tbhiv_100k--by--country--year.csv
"country,year",tb_e_inc_tbhiv_num,ddf--datapoints--tb_e_inc_tbhiv_num--by--country--year.csv
"country,year",tb_e_mdr_num,ddf--datapoints--tb_e_mdr_num--by--country--year.csv
"country,year",tb_e_mort_exc_tbhiv_num,ddf--datapoints--tb_e_mort_exc_tbhiv_num--by--country--year.csv
"country,year",tb_e_prev_num,ddf--datapoints--tb_e_prev_num--by--country--year.csv
"country,year",tb_hiv_art_pct,ddf--datapoints--tb_hiv_art_pct--by--country--year.csv
"country,year",tb_hiv_cpt_pct,ddf--datapoints--tb_hiv_cpt_pct--by--country--year.csv
"country,year",tb_hivtest_pct,ddf--datapoints--tb_hivtest_pct--by--country--year.csv
"country,year",tb_hivtest_pos_pct,ddf--datapoints--tb_hivtest_pos_pct--by--country--year.csv
"country,year",tb_mdr,ddf--datapoints--tb_mdr--by--country--year.csv
"country,year",tb_new_clindx,ddf--datapoints--tb_new_clindx--by--country--year.csv
"country,year",tb_new_ep,ddf--datapoints--tb_new_ep--by--country--year.csv
"country,year",tb_new_labconf,ddf--datapoints--tb_new_labconf--by--country--year.csv
"country,year",tb_new_oth,ddf--datapoints--tb_new_oth--by--country--year.csv
"country,year",tb_new_sn,ddf--datapoints--tb_new_sn--by--country--year.csv
"country,year",tb_new_snsuoth,ddf--datapoints--tb_new_snsuoth--by--country--year.csv
"country,year",tb_new_sp,ddf--datapoints--tb_new_sp--by--country--year.csv
"country,year",tb_new_su,ddf--datapoints--tb_new_su--by--country--year.csv
"country,year",tb_newret_oth,ddf--datapoints--tb_newret_oth--by--country--year.csv
"country,year",tb_ret_nrel,ddf--datapoints--tb_ret_nrel--by--country--year.csv
"country,year",tb_ret_oth,ddf--datapoints--tb_ret_oth--by--country--year.csv
"country,year",tb_ret_rel,ddf--datapoints--tb_ret_rel--by--country--year.csv
"country,year",tb_ret_rel_clindx,ddf--datapoints--tb_ret_rel_clindx--by--country--year.csv
"country,year",tb_ret_rel_ep,ddf--datapoints--tb_ret_rel_ep--by--country--year.csv
"country,year",tb_ret_rel_labconf,ddf--datapoints--tb_ret_rel_labconf--by--country--year.csv
"country,year",tb_ret_tad,ddf--datapoints--tb_ret_tad--by--country--year.csv
"country,year",tb_ret_taf,ddf--datapoints--tb_ret_taf--by--country--year.csv
"country,year",tb_rr_mdr,ddf--datapoints--tb_rr_mdr--by--country--year.csv
"country,year",tb_sldst_avail,ddf--datapoints--tb_sldst_avail--by--country--year.csv
"country,year",tb_tot_newrel,ddf--datapoints--tb_tot_newrel--by--country--year.csv
"country,year",tfr,ddf--datapoints--tfr--by--country--year.csv
"country,year",tobacco_0000000192,ddf--datapoints--tobacco_0000000192--by--country--year.csv
"country,year",tobacco_0000000209,ddf--datapoints--tobacco_0000000209--by--country--year.csv
"country,year",tobacco_0000000210,ddf--datapoints--tobacco_0000000210--by--country--year.csv
"country,year",tobacco_0000000211,ddf--datapoints--tobacco_0000000211--by--country--year.csv
"country,year",tobacco_0000000212,ddf--datapoints--tobacco_0000000212--by--country--year.csv
"country,year",tobacco_0000000213,ddf--datapoints--tobacco_0000000213--by--country--year.csv
"country,year",tobacco_0000000342,ddf--datapoints--tobacco_0000000342--by--country--year.csv
"country,year",tobacco_0000000344,ddf--datapoints--tobacco_0000000344--by--country--year.csv
"country,year",tobacco_0000000345,ddf--datapoints--tobacco_0000000345--by--country--year.csv
"country,year",tobacco_0000000346,ddf--datapoints--tobacco_0000000346--by--country--year.csv
"country,year",tobacco_0000000347,ddf--datapoints--tobacco_0000000347--by--country--year.csv
"country,year",tobacco_0000000361,ddf--datapoints--tobacco_0000000361--by--country--year.csv
"country,year",tobacco_0000000362,ddf--datapoints--tobacco_0000000362--by--country--year.csv
"country,year",tobacco_0000000363,ddf--datapoints--tobacco_0000000363--by--country--year.csv
"country,year",tobacco_0000000364,ddf--datapoints--tobacco_0000000364--by--country--year.csv
"country,year",tobacco_0000000365,ddf--datapoints--tobacco_0000000365--by--country--year.csv
"country,year",tobacco_0000000366,ddf--datapoints--tobacco_0000000366--by--country--year.csv
"country,year",tobacco_0000000367,ddf--datapoints--tobacco_0000000367--by--country--year.csv
"country,year",tobacco_0000000368,ddf--datapoints--tobacco_0000000368--by--country--year.csv
"country,year",tobacco_0000000369,ddf--datapoints--tobacco_0000000369--by--country--year.csv
"country,year",tobacco_0000000370,ddf--datapoints--tobacco_0000000370--by--country--year.csv
"country,year",tobacco_0000000371,ddf--datapoints--tobacco_0000000371--by--country--year.csv
"country,year",tobacco_0000000372,ddf--datapoints--tobacco_0000000372--by--country--year.csv
"country,year",tobacco_0000000386,ddf--datapoints--tobacco_0000000386--by--country--year.csv
"country,year",tobacco_0000000387,ddf--datapoints--tobacco_0000000387--by--country--year.csv
"country,year",tobacco_0000000388,ddf--datapoints--tobacco_0000000388--by--country--year.csv
"country,year",tobacco_0000000389,ddf--datapoints--tobacco_0000000389--by--country--year.csv
"country,year",tobacco_0000000390,ddf--datapoints--tobacco_0000000390--by--country--year.csv
"country,year",tobacco_0000000391,ddf--datapoints--tobacco_0000000391--by--country--year.csv
"country,year",tobacco_0000000392,ddf--datapoints--tobacco_0000000392--by--country--year.csv
"country,year",tobacco_0000000393,ddf--datapoints--tobacco_0000000393--by--country--year.csv
"country,year",tobacco_0000000394,ddf--datapoints--tobacco_0000000394--by--country--year.csv
"country,year",tobacco_0000000395,ddf--datapoints--tobacco_0000000395--by--country--year.csv
"country,year",tobacco_0000000396,ddf--datapoints--tobacco_0000000396--by--country--year.csv
"country,year",tobacco_0000000505,ddf--datapoints--tobacco_0000000505--by--country--year.csv
"country,year",tobacco_0000000506,ddf--datapoints--tobacco_0000000506--by--country--year.csv
"country,year",tobacco_0000000507,ddf--datapoints--tobacco_0000000507--by--country--year.csv
"country,year",totenv_1,ddf--datapoints--totenv_1--by--country--year.csv
"country,year",totenv_2,ddf--datapoints--totenv_2--by--country--year.csv
"country,year",totenv_3,ddf--datapoints--totenv_3--by--country--year.csv
"country,year",totenv_4,ddf--datapoints--totenv_4--by--country--year.csv
"country,year",totenv_5,ddf--datapoints--totenv_5--by--country--year.csv
"country,year",totenv_6,ddf--datapoints--totenv_6--by--country--year.csv
"country,year",u5mr,ddf--datapoints--u5mr--by--country--year.csv
"country,year",uv_1,ddf--datapoints--uv_1--by--country--year.csv
"country,year",uv_2,ddf--datapoints--uv_2--by--country--year.csv
"country,year",uv_3,ddf--datapoints--uv_3--by--country--year.csv
"country,year",uv_4,ddf--datapoints--uv_4--by--country--year.csv
"country,year",uv_5,ddf--datapoints--uv_5--by--country--year.csv
"country,year",uweight3,ddf--datapoints--uweight3--by--country--year.csv
"country,year",uweight5,ddf--datapoints--uweight5--by--country--year.csv
"country,year",violence_extentimp_alltypes,ddf--datapoints--violence_extentimp_alltypes--by--country--year.csv
"country,year",violence_extentimp_childhomevisit,ddf--datapoints--violence_extentimp_childhomevisit--by--country--year.csv
"country,year",violence_extentimp_childprotection,ddf--datapoints--violence_extentimp_childprotection--by--country--year.csv
"country,year",violence_extentimp_eldercaregiver,ddf--datapoints--violence_extentimp_eldercaregiver--by--country--year.csv
"country,year",violence_extentimp_partnerviolprevention,ddf--datapoints--violence_extentimp_partnerviolprevention--by--country--year.csv
"country,year",violence_extentimp_victimsmedicolegal,ddf--datapoints--violence_extentimp_victimsmedicolegal--by--country--year.csv
"country,year",violence_extentimp_youthlifeskills,ddf--datapoints--violence_extentimp_youthlifeskills--by--country--year.csv
"country,year",violence_homicidenum,ddf--datapoints--violence_homicidenum--by--country--year.csv
"country,year",violence_homiciderate,ddf--datapoints--violence_homiciderate--by--country--year.csv
"country,year",vita,ddf--datapoints--vita--by--country--year.csv
"country,year",w10_graphic_a,ddf--datapoints--w10_graphic_a--by--country--year.csv
"country,year",w10_graphic_b,ddf--datapoints--w10_graphic_b--by--country--year.csv
"country,year",w10_graphic_c,ddf--datapoints--w10_graphic_c--by--country--year.csv
"country,year",w11_outside_pack_a,ddf--datapoints--w11_outside_pack_a--by--country--year.csv
"country,year",w11_outside_pack_b,ddf--datapoints--w11_outside_pack_b--by--country--year.csv
"country,year",w11_outside_pack_c,ddf--datapoints--w11_outside_pack_c--by--country--year.csv
"country,year",w12_imports_dutyfree_a,ddf--datapoints--w12_imports_dutyfree_a--by--country--year.csv
"country,year",w12_imports_dutyfree_b,ddf--datapoints--w12_imports_dutyfree_b--by--country--year.csv
"country,year",w12_imports_dutyfree_c,ddf--datapoints--w12_imports_dutyfree_c--by--country--year.csv
"country,year",w13_ind_liability_a,ddf--datapoints--w13_ind_liability_a--by--country--year.csv
"country,year",w13_ind_liability_b,ddf--datapoints--w13_ind_liability_b--by--country--year.csv
"country,year",w13_ind_liability_c,ddf--datapoints--w13_ind_liability_c--by--country--year.csv
"country,year",w14_harm_effects_a,ddf--datapoints--w14_harm_effects_a--by--country--year.csv
"country,year",w14_harm_effects_b,ddf--datapoints--w14_harm_effects_b--by--country--year.csv
"country,year",w14_harm_effects_c,ddf--datapoints--w14_harm_effects_c--by--country--year.csv
"country,year",w15_specific_hw_a,ddf--datapoints--w15_specific_hw_a--by--country--year.csv
"country,year",w15_specific_hw_b,ddf--datapoints--w15_specific_hw_b--by--country--year.csv
"country,year",w15_specific_hw_c,ddf--datapoints--w15_specific_hw_c--by--country--year.csv
"country,year",w16_number_hw_a,ddf--datapoints--w16_number_hw_a--by--country--year.csv
"country,year",w16_number_hw_b,ddf--datapoints--w16_number_hw_b--by--country--year.csv
"country,year",w16_number_hw_c,ddf--datapoints--w16_number_hw_c--by--country--year.csv
"country,year",w17_fines_a,ddf--datapoints--w17_fines_a--by--country--year.csv
"country,year",w17_fines_b,ddf--datapoints--w17_fines_b--by--country--year.csv
"country,year",w17_fines_c,ddf--datapoints--w17_fines_c--by--country--year.csv
"country,year",w18_misleading_terms_a,ddf--datapoints--w18_misleading_terms_a--by--country--year.csv
"country,year",w18_misleading_terms_b,ddf--datapoints--w18_misleading_terms_b--by--country--year.csv
"country,year",w18_misleading_terms_c,ddf--datapoints--w18_misleading_terms_c--by--country--year.csv
"country,year",w19_colours_numbers_a,ddf--datapoints--w19_colours_numbers_a--by--country--year.csv
"country,year",w19_colours_numbers_c,ddf--datapoints--w19_colours_numbers_c--by--country--year.csv
"country,year",w1_hw_law_a,ddf--datapoints--w1_hw_law_a--by--country--year.csv
"country,year",w1_hw_law_b,ddf--datapoints--w1_hw_law_b--by--country--year.csv
"country,year",w1_hw_law_c,ddf--datapoints--w1_hw_law_c--by--country--year.csv
"country,year",w20_flavours_a,ddf--datapoints--w20_flavours_a--by--country--year.csv
"country,year",w20_flavours_b,ddf--datapoints--w20_flavours_b--by--country--year.csv
"country,year",w20_flavours_c,ddf--datapoints--w20_flavours_c--by--country--year.csv
"country,year",w21_emissions_a,ddf--datapoints--w21_emissions_a--by--country--year.csv
"country,year",w21_emissions_quant_c,ddf--datapoints--w21_emissions_quant_c--by--country--year.csv
"country,year",w22_emissions_qual_a,ddf--datapoints--w22_emissions_qual_a--by--country--year.csv
"country,year",w22_emissions_qual_b,ddf--datapoints--w22_emissions_qual_b--by--country--year.csv
"country,year",w22_emissions_qual_c,ddf--datapoints--w22_emissions_qual_c--by--country--year.csv
"country,year",w23_emissions_front_back_a,ddf--datapoints--w23_emissions_front_back_a--by--country--year.csv
"country,year",w23_emissions_front_back_b,ddf--datapoints--w23_emissions_front_back_b--by--country--year.csv
"country,year",w23_emissions_front_back_c,ddf--datapoints--w23_emissions_front_back_c--by--country--year.csv
"country,year",w24_exp_date_a,ddf--datapoints--w24_exp_date_a--by--country--year.csv
"country,year",w24_exp_date_b,ddf--datapoints--w24_exp_date_b--by--country--year.csv
"country,year",w24_exp_date_c,ddf--datapoints--w24_exp_date_c--by--country--year.csv
"country,year",w25_quitline_number_a,ddf--datapoints--w25_quitline_number_a--by--country--year.csv
"country,year",w25_quitline_number_b,ddf--datapoints--w25_quitline_number_b--by--country--year.csv
"country,year",w25_quitline_number_c,ddf--datapoints--w25_quitline_number_c--by--country--year.csv
"country,year",w26_plain_packaging_a,ddf--datapoints--w26_plain_packaging_a--by--country--year.csv
"country,year",w26_plain_packaging_b,ddf--datapoints--w26_plain_packaging_b--by--country--year.csv
"country,year",w26_plain_packaging_c,ddf--datapoints--w26_plain_packaging_c--by--country--year.csv
"country,year",w27_smokeless_prod_ban,ddf--datapoints--w27_smokeless_prod_ban--by--country--year.csv
"country,year",w2_pc_front_back_a,ddf--datapoints--w2_pc_front_back_a--by--country--year.csv
"country,year",w2_pc_front_back_b,ddf--datapoints--w2_pc_front_back_b--by--country--year.csv
"country,year",w2_pc_front_back_c,ddf--datapoints--w2_pc_front_back_c--by--country--year.csv
"country,year",w3_pc_front_a,ddf--datapoints--w3_pc_front_a--by--country--year.csv
"country,year",w3_pc_front_b,ddf--datapoints--w3_pc_front_b--by--country--year.csv
"country,year",w3_pc_front_c,ddf--datapoints--w3_pc_front_c--by--country--year.csv
"country,year",w4_pc_back_a,ddf--datapoints--w4_pc_back_a--by--country--year.csv
"country,year",w4_pc_back_b,ddf--datapoints--w4_pc_back_b--by--country--year.csv
"country,year",w4_pc_back_c,ddf--datapoints--w4_pc_back_c--by--country--year.csv
"country,year",w5_top_side_a,ddf--datapoints--w5_top_side_a--by--country--year.csv
"country,year",w5_top_side_b,ddf--datapoints--w5_top_side_b--by--country--year.csv
"country,year",w5_top_side_c,ddf--datapoints--w5_top_side_c--by--country--year.csv
"country,year",w6_font_a,ddf--datapoints--w6_font_a--by--country--year.csv
"country,year",w6_font_b,ddf--datapoints--w6_font_b--by--country--year.csv
"country,year",w6_font_c,ddf--datapoints--w6_font_c--by--country--year.csv
"country,year",w7_rotation_a,ddf--datapoints--w7_rotation_a--by--country--year.csv
"country,year",w7_rotation_b,ddf--datapoints--w7_rotation_b--by--country--year.csv
"country,year",w7_rotation_c,ddf--datapoints--w7_rotation_c--by--country--year.csv
"country,year",w8_princ_langs_a,ddf--datapoints--w8_princ_langs_a--by--country--year.csv
"country,year",w8_princ_langs_b,ddf--datapoints--w8_princ_langs_b--by--country--year.csv
"country,year",w8_princ_langs_c,ddf--datapoints--w8_princ_langs_c--by--country--year.csv
"country,year",w9_no_obscure_a,ddf--datapoints--w9_no_obscure_a--by--country--year.csv
"country,year",w9_no_obscure_b,ddf--datapoints--w9_no_obscure_b--by--country--year.csv
"country,year",w9_no_obscure_c,ddf--datapoints--w9_no_obscure_c--by--country--year.csv
"country,year",w_group,ddf--datapoints--w_group--by--country--year.csv
"country,year",w_mm_group,ddf--datapoints--w_mm_group--by--country--year.csv
"country,year",wast3,ddf--datapoints--wast3--by--country--year.csv
"country,year",wast5,ddf--datapoints--wast5--by--country--year.csv
"country,year",whosis_000001,ddf--datapoints--whosis_000001--by--country--year.csv
"country,year",whosis_000002,ddf--datapoints--whosis_000002--by--country--year.csv
"country,year",whosis_000003,ddf--datapoints--whosis_000003--by--country--year.csv
"country,year",whosis_000004,ddf--datapoints--whosis_000004--by--country--year.csv
"country,year",whosis_000005,ddf--datapoints--whosis_000005--by--country--year.csv
"country,year",whosis_000006,ddf--datapoints--whosis_000006--by--country--year.csv
"country,year",whosis_000008,ddf--datapoints--whosis_000008--by--country--year.csv
"country,year",whosis_000009,ddf--datapoints--whosis_000009--by--country--year.csv
"country,year",whosis_000010,ddf--datapoints--whosis_000010--by--country--year.csv
"country,year",whosis_000011,ddf--datapoints--whosis_000011--by--country--year.csv
"country,year",whosis_000012,ddf--datapoints--whosis_000012--by--country--year.csv
"country,year",whosis_000013,ddf--datapoints--whosis_000013--by--country--year.csv
"country,year",whosis_000014,ddf--datapoints--whosis_000014--by--country--year.csv
"country,year",whosis_000015,ddf--datapoints--whosis_000015--by--country--year.csv
"country,year",whs10_1,ddf--datapoints--whs10_1--by--country--year.csv
"country,year",whs10_10,ddf--datapoints--whs10_10--by--country--year.csv
"country,year",whs10_2,ddf--datapoints--whs10_2--by--country--year.csv
"country,year",whs10_3,ddf--datapoints--whs10_3--by--country--year.csv
"country,year",whs10_4,ddf--datapoints--whs10_4--by--country--year.csv
"country,year",whs10_5,ddf--datapoints--whs10_5--by--country--year.csv
"country,year",whs10_6,ddf--datapoints--whs10_6--by--country--year.csv
"country,year",whs10_7,ddf--datapoints--whs10_7--by--country--year.csv
"country,year",whs10_8,ddf--datapoints--whs10_8--by--country--year.csv
"country,year",whs10_9,ddf--datapoints--whs10_9--by--country--year.csv
"country,year",whs2_126,ddf--datapoints--whs2_126--by--country--year.csv
"country,year",whs2_131,ddf--datapoints--whs2_131--by--country--year.csv
"country,year",whs2_138,ddf--datapoints--whs2_138--by--country--year.csv
"country,year",whs2_164,ddf--datapoints--whs2_164--by--country--year.csv
"country,year",whs2_165,ddf--datapoints--whs2_165--by--country--year.csv
"country,year",whs2_166,ddf--datapoints--whs2_166--by--country--year.csv
"country,year",whs2_167,ddf--datapoints--whs2_167--by--country--year.csv
"country,year",whs2_168,ddf--datapoints--whs2_168--by--country--year.csv
"country,year",whs2_170,ddf--datapoints--whs2_170--by--country--year.csv
"country,year",whs2_171,ddf--datapoints--whs2_171--by--country--year.csv
"country,year",whs2_174,ddf--datapoints--whs2_174--by--country--year.csv
"country,year",whs2_514,ddf--datapoints--whs2_514--by--country--year.csv
"country,year",whs2_515,ddf--datapoints--whs2_515--by--country--year.csv
"country,year",whs2_516,ddf--datapoints--whs2_516--by--country--year.csv
"country,year",whs2_523,ddf--datapoints--whs2_523--by--country--year.csv
"country,year",whs3_40,ddf--datapoints--whs3_40--by--country--year.csv
"country,year",whs3_41,ddf--datapoints--whs3_41--by--country--year.csv
"country,year",whs3_42,ddf--datapoints--whs3_42--by--country--year.csv
"country,year",whs3_43,ddf--datapoints--whs3_43--by--country--year.csv
"country,year",whs3_45,ddf--datapoints--whs3_45--by--country--year.csv
"country,year",whs3_46,ddf--datapoints--whs3_46--by--country--year.csv
"country,year",whs3_47,ddf--datapoints--whs3_47--by--country--year.csv
"country,year",whs3_48,ddf--datapoints--whs3_48--by--country--year.csv
"country,year",whs3_49,ddf--datapoints--whs3_49--by--country--year.csv
"country,year",whs3_50,ddf--datapoints--whs3_50--by--country--year.csv
"country,year",whs3_51,ddf--datapoints--whs3_51--by--country--year.csv
"country,year",whs3_52,ddf--datapoints--whs3_52--by--country--year.csv
"country,year",whs3_53,ddf--datapoints--whs3_53--by--country--year.csv
"country,year",whs3_54,ddf--datapoints--whs3_54--by--country--year.csv
"country,year",whs3_55,ddf--datapoints--whs3_55--by--country--year.csv
"country,year",whs3_56,ddf--datapoints--whs3_56--by--country--year.csv
"country,year",whs3_57,ddf--datapoints--whs3_57--by--country--year.csv
"country,year",whs3_62,ddf--datapoints--whs3_62--by--country--year.csv
"country,year",whs4_100,ddf--datapoints--whs4_100--by--country--year.csv
"country,year",whs4_106,ddf--datapoints--whs4_106--by--country--year.csv
"country,year",whs4_107,ddf--datapoints--whs4_107--by--country--year.csv
"country,year",whs4_108,ddf--datapoints--whs4_108--by--country--year.csv
"country,year",whs4_111,ddf--datapoints--whs4_111--by--country--year.csv
"country,year",whs4_111_age1519,ddf--datapoints--whs4_111_age1519--by--country--year.csv
"country,year",whs4_115,ddf--datapoints--whs4_115--by--country--year.csv
"country,year",whs4_117,ddf--datapoints--whs4_117--by--country--year.csv
"country,year",whs4_124,ddf--datapoints--whs4_124--by--country--year.csv
"country,year",whs4_128,ddf--datapoints--whs4_128--by--country--year.csv
"country,year",whs4_129,ddf--datapoints--whs4_129--by--country--year.csv
"country,year",whs4_154,ddf--datapoints--whs4_154--by--country--year.csv
"country,year",whs4_543,ddf--datapoints--whs4_543--by--country--year.csv
"country,year",whs4_544,ddf--datapoints--whs4_544--by--country--year.csv
"country,year",whs5_122,ddf--datapoints--whs5_122--by--country--year.csv
"country,year",whs5_158,ddf--datapoints--whs5_158--by--country--year.csv
"country,year",whs5_512,ddf--datapoints--whs5_512--by--country--year.csv
"country,year",whs6_100,ddf--datapoints--whs6_100--by--country--year.csv
"country,year",whs6_101,ddf--datapoints--whs6_101--by--country--year.csv
"country,year",whs6_102,ddf--datapoints--whs6_102--by--country--year.csv
"country,year",whs6_116,ddf--datapoints--whs6_116--by--country--year.csv
"country,year",whs6_123,ddf--datapoints--whs6_123--by--country--year.csv
"country,year",whs6_125,ddf--datapoints--whs6_125--by--country--year.csv
"country,year",whs6_127,ddf--datapoints--whs6_127--by--country--year.csv
"country,year",whs6_140,ddf--datapoints--whs6_140--by--country--year.csv
"country,year",whs6_144,ddf--datapoints--whs6_144--by--country--year.csv
"country,year",whs6_148,ddf--datapoints--whs6_148--by--country--year.csv
"country,year",whs6_150,ddf--datapoints--whs6_150--by--country--year.csv
"country,year",whs6_517,ddf--datapoints--whs6_517--by--country--year.csv
"country,year",whs6_518,ddf--datapoints--whs6_518--by--country--year.csv
"country,year",whs6_519,ddf--datapoints--whs6_519--by--country--year.csv
"country,year",whs6_520,ddf--datapoints--whs6_520--by--country--year.csv
"country,year",whs7_103,ddf--datapoints--whs7_103--by--country--year.csv
"country,year",whs7_104,ddf--datapoints--whs7_104--by--country--year.csv
"country,year",whs7_105,ddf--datapoints--whs7_105--by--country--year.csv
"country,year",whs7_108,ddf--datapoints--whs7_108--by--country--year.csv
"country,year",whs7_113,ddf--datapoints--whs7_113--by--country--year.csv
"country,year",whs7_120,ddf--datapoints--whs7_120--by--country--year.csv
"country,year",whs7_134,ddf--datapoints--whs7_134--by--country--year.csv
"country,year",whs7_139,ddf--datapoints--whs7_139--by--country--year.csv
"country,year",whs7_143,ddf--datapoints--whs7_143--by--country--year.csv
"country,year",whs7_147,ddf--datapoints--whs7_147--by--country--year.csv
"country,year",whs7_149,ddf--datapoints--whs7_149--by--country--year.csv
"country,year",whs7_150,ddf--datapoints--whs7_150--by--country--year.csv
"country,year",whs7_156,ddf--datapoints--whs7_156--by--country--year.csv
"country,year",whs8_110,ddf--datapoints--whs8_110--by--country--year.csv
"country,year",whs9_85,ddf--datapoints--whs9_85--by--country--year.csv
"country,year",whs9_86,ddf--datapoints--whs9_86--by--country--year.csv
"country,year",whs9_87,ddf--datapoints--whs9_87--by--country--year.csv
"country,year",whs9_88,ddf--datapoints--whs9_88--by--country--year.csv
"country,year",whs9_89,ddf--datapoints--whs9_89--by--country--year.csv
"country,year",whs9_90,ddf--datapoints--whs9_90--by--country--year.csv
"country,year",whs9_91,ddf--datapoints--whs9_91--by--country--year.csv
"country,year",whs9_92,ddf--datapoints--whs9_92--by--country--year.csv
"country,year",whs9_93,ddf--datapoints--whs9_93--by--country--year.csv
"country,year",whs9_94,ddf--datapoints--whs9_94--by--country--year.csv
"country,year",whs9_95,ddf--datapoints--whs9_95--by--country--year.csv
"country,year",whs9_96,ddf--datapoints--whs9_96--by--country--year.csv
"country,year",whs9_97,ddf--datapoints--whs9_97--by--country--year.csv
"country,year",whs9_cdr,ddf--datapoints--whs9_cdr--by--country--year.csv
"country,year",whs9_cs,ddf--datapoints--whs9_cs--by--country--year.csv
"country,year",whs_pbr,ddf--datapoints--whs_pbr--by--country--year.csv
"country,year",wsh_1,ddf--datapoints--wsh_1--by--country--year.csv
"country,year",wsh_2,ddf--datapoints--wsh_2--by--country--year.csv
"country,year",wsh_3,ddf--datapoints--wsh_3--by--country--year.csv
"country,year",wsh_4,ddf--datapoints--wsh_4--by--country--year.csv
"country,year",wsh_5,ddf--datapoints--wsh_5--by--country--year.csv
"country,year",wsh_6,ddf--datapoints--wsh_6--by--country--year.csv
"country,year",wsh_7,ddf--datapoints--wsh_7--by--country--year.csv
"country,year",wsh_8,ddf--datapoints--wsh_8--by--country--year.csv
country,name,ddf--entities--country.csv
